pair_index,seed,relays,width,height,network_config,pso_400,pso_final,pso_extra_20_gain,pso_evaluations,naive_400,naive_failed,naive_no_solution,delta,pso_file,naive_file,power,relay_power,node_power,result_400
1,525339,2,500.0,500.0,1,0.444444,0.444444,0.0,420,0.425,False,False,0.019444000000000017,2026-09-23_00-13-42.log,2026-09-23_00-23-45.log,HH,0.00224,0.00224,WIN
2,864365,2,500.0,500.0,1,0.386111,0.386111,0.0,420,0.397222,False,False,-0.011111000000000038,2026-09-23_00-31-53.log,2026-09-23_00-41-13.log,HH,0.00224,0.00224,LOSS
3,67358,2,500.0,500.0,1,0.497222,0.497222,0.0,420,0.477778,False,False,0.019444000000000017,2026-09-23_00-49-17.log,2026-09-23_00-59-31.log,HH,0.00224,0.00224,WIN
4,747263,2,500.0,500.0,1,0.461111,0.461111,0.0,420,0.463889,False,False,-0.0027780000000000027,2026-09-23_01-07-48.log,2026-09-23_01-17-24.log,HH,0.00224,0.00224,LOSS
5,677807,2,500.0,500.0,1,0.516667,0.516667,0.0,420,0.475,False,False,0.04166700000000001,2026-09-23_01-25-27.log,2026-09-23_01-35-15.log,HH,0.00224,0.00224,WIN
6,806219,2,500.0,500.0,1,0.430556,0.430556,0.0,420,0.416667,False,False,0.013888999999999985,2026-09-23_01-43-35.log,2026-09-23_01-52-32.log,HH,0.00224,0.00224,WIN
7,76126870,2,500.0,500.0,1,0.477778,0.477778,0.0,420,0.452778,False,False,0.024999999999999967,2026-09-23_02-00-50.log,2026-09-23_02-10-19.log,HH,0.00224,0.00224,WIN
8,74509218,2,500.0,500.0,1,0.463889,0.463889,0.0,420,0.458333,False,False,0.005556000000000005,2026-09-23_02-18-21.log,2026-09-23_02-27-51.log,HH,0.00224,0.00224,WIN
9,1664576,2,500.0,500.0,1,0.466667,0.466667,0.0,420,0.444444,False,False,0.022222999999999993,2026-09-23_02-36-12.log,2026-09-23_02-46-09.log,HH,0.00224,0.00224,WIN
10,40063030,2,500.0,500.0,1,0.480556,0.480556,0.0,420,0.458333,False,False,0.022222999999999993,2026-09-23_02-54-24.log,2026-09-23_03-04-16.log,HH,0.00224,0.00224,WIN
11,38032146,2,500.0,500.0,1,0.486111,0.486111,0.0,420,0.45,False,False,0.036111000000000004,2026-09-23_03-12-36.log,2026-09-23_03-22-27.log,HH,0.00224,0.00224,WIN
12,74485470,2,500.0,500.0,1,0.5,0.502778,0.002777999999999947,420,0.488889,False,False,0.011110999999999982,2026-09-23_03-30-18.log,2026-09-23_03-40-15.log,HH,0.00224,0.00224,WIN
13,525339,2,500.0,500.0,2,0.333333,0.333333,0.0,420,0.3,False,False,0.033333,2026-09-23_03-48-53.log,2026-09-23_03-57-54.log,HM,0.00224,0.001,WIN
14,864365,2,500.0,500.0,2,0.3,0.3,0.0,420,0.291667,False,False,0.00833299999999998,2026-09-23_04-05-51.log,2026-09-23_04-14-46.log,HM,0.00224,0.001,WIN
15,67358,2,500.0,500.0,2,0.336111,0.336111,0.0,420,0.344444,False,False,-0.00833299999999998,2026-09-23_04-22-29.log,2026-09-23_04-31-45.log,HM,0.00224,0.001,LOSS
16,747263,2,500.0,500.0,2,0.397222,0.397222,0.0,420,0.372222,False,False,0.025000000000000022,2026-09-23_04-39-48.log,2026-09-23_04-49-10.log,HM,0.00224,0.001,WIN
17,677807,2,500.0,500.0,2,0.361111,0.361111,0.0,420,0.352778,False,False,0.008333000000000035,2026-09-23_04-57-03.log,2026-09-23_05-06-13.log,HM,0.00224,0.001,WIN
18,806219,2,500.0,500.0,2,0.352778,0.352778,0.0,420,0.305556,False,False,0.047221999999999986,2026-09-23_05-14-23.log,2026-09-23_05-23-25.log,HM,0.00224,0.001,WIN
19,76126870,2,500.0,500.0,2,0.361111,0.361111,0.0,420,0.316667,False,False,0.04444400000000004,2026-09-23_05-31-32.log,2026-09-23_05-40-38.log,HM,0.00224,0.001,WIN
20,74509218,2,500.0,500.0,2,0.397222,0.397222,0.0,420,0.361111,False,False,0.036111000000000004,2026-09-23_05-48-30.log,2026-09-23_05-57-59.log,HM,0.00224,0.001,WIN
21,1664576,2,500.0,500.0,2,0.358333,0.358333,0.0,420,0.344444,False,False,0.01388900000000004,2026-09-23_06-06-01.log,2026-09-23_06-15-18.log,HM,0.00224,0.001,WIN
22,40063030,2,500.0,500.0,2,0.383333,0.383333,0.0,420,0.363889,False,False,0.01944399999999996,2026-09-23_06-23-19.log,2026-09-23_06-32-39.log,HM,0.00224,0.001,WIN
23,38032146,2,500.0,500.0,2,0.333333,0.333333,0.0,420,0.313889,False,False,0.019444000000000017,2026-09-23_06-40-43.log,2026-09-23_06-49-50.log,HM,0.00224,0.001,WIN
24,74485470,2,500.0,500.0,2,0.383333,0.386111,0.0027780000000000027,420,0.355556,False,False,0.027776999999999996,2026-09-23_06-57-29.log,2026-09-23_07-06-59.log,HM,0.00224,0.001,WIN
25,525339,3,500.0,500.0,1,0.575,0.575,0.0,420,0.547222,False,False,0.02777799999999997,2026-09-23_07-15-18.log,2026-09-23_07-25-56.log,HH,0.00224,0.00224,WIN
26,864365,3,500.0,500.0,1,0.577778,0.577778,0.0,420,0.541667,False,False,0.036111000000000004,2026-09-23_07-35-16.log,2026-09-23_07-46-15.log,HH,0.00224,0.00224,WIN
27,67358,3,500.0,500.0,1,0.616667,0.616667,0.0,420,0.583333,False,False,0.033333999999999975,2026-09-23_07-55-39.log,2026-09-23_08-06-47.log,HH,0.00224,0.00224,WIN
28,747263,3,500.0,500.0,1,0.6,0.6,0.0,420,0.555556,False,False,0.04444399999999993,2026-09-23_08-16-16.log,2026-09-23_08-27-12.log,HH,0.00224,0.00224,WIN
29,677807,3,500.0,500.0,1,0.636111,0.638889,0.002778000000000058,420,0.608333,False,False,0.02777799999999997,2026-09-23_08-36-31.log,2026-09-23_08-47-25.log,HH,0.00224,0.00224,WIN
30,806219,3,500.0,500.0,1,0.588889,0.588889,0.0,420,0.577778,False,False,0.011110999999999982,2026-09-23_08-57-07.log,2026-09-23_09-08-17.log,HH,0.00224,0.00224,WIN
31,76126870,3,500.0,500.0,1,0.647222,0.647222,0.0,420,0.591667,False,False,0.05555499999999991,2026-09-23_09-17-37.log,2026-09-23_09-29-11.log,HH,0.00224,0.00224,WIN
32,74509218,3,500.0,500.0,1,0.680556,0.680556,0.0,420,0.586111,False,False,0.094445,2026-09-23_09-38-22.log,2026-09-23_09-49-30.log,HH,0.00224,0.00224,WIN
33,1664576,3,500.0,500.0,1,0.625,0.633333,0.008333000000000035,420,0.575,False,False,0.050000000000000044,2026-09-23_09-58-49.log,2026-09-23_10-09-55.log,HH,0.00224,0.00224,WIN
34,40063030,3,500.0,500.0,1,0.636111,0.636111,0.0,420,0.580556,False,False,0.05555500000000002,2026-09-23_10-19-05.log,2026-09-23_10-29-59.log,HH,0.00224,0.00224,WIN
35,38032146,3,500.0,500.0,1,0.6,0.6,0.0,420,0.580556,False,False,0.019444000000000017,2026-09-23_10-39-17.log,2026-09-23_10-49-46.log,HH,0.00224,0.00224,WIN
36,74485470,3,500.0,500.0,1,0.625,0.625,0.0,420,0.613889,False,False,0.011110999999999982,2026-09-23_10-58-45.log,2026-09-23_11-10-12.log,HH,0.00224,0.00224,WIN
37,525339,3,500.0,500.0,2,0.419444,0.419444,0.0,420,0.386111,False,False,0.033333,2026-09-23_11-19-33.log,2026-09-23_11-29-28.log,HM,0.00224,0.001,WIN
38,864365,3,500.0,500.0,2,0.447222,0.447222,0.0,420,0.433333,False,False,0.013888999999999985,2026-09-23_11-38-20.log,2026-09-23_11-48-08.log,HM,0.00224,0.001,WIN
39,67358,3,500.0,500.0,2,0.502778,0.502778,0.0,420,0.425,False,False,0.07777799999999996,2026-09-23_11-56-54.log,2026-09-23_12-07-13.log,HM,0.00224,0.001,WIN
40,747263,3,500.0,500.0,2,0.458333,0.458333,0.0,420,0.419444,False,False,0.03888900000000001,2026-09-23_12-16-08.log,2026-09-23_12-26-07.log,HM,0.00224,0.001,WIN
41,677807,3,500.0,500.0,2,0.463889,0.463889,0.0,420,0.466667,False,False,-0.0027780000000000027,2026-09-23_12-34-53.log,2026-09-23_12-44-46.log,HM,0.00224,0.001,LOSS
42,806219,3,500.0,500.0,2,0.436111,0.436111,0.0,420,0.408333,False,False,0.027778000000000025,2026-09-23_12-53-43.log,2026-09-23_13-03-49.log,HM,0.00224,0.001,WIN
43,76126870,3,500.0,500.0,2,0.480556,0.480556,0.0,420,0.433333,False,False,0.04722299999999996,2026-09-23_13-12-34.log,2026-09-23_13-22-39.log,HM,0.00224,0.001,WIN
44,74509218,3,500.0,500.0,2,0.505556,0.505556,0.0,420,0.458333,False,False,0.047223000000000015,2026-09-23_13-31-19.log,2026-09-23_13-41-28.log,HM,0.00224,0.001,WIN
45,1664576,3,500.0,500.0,2,0.477778,0.477778,0.0,420,0.425,False,False,0.05277799999999999,2026-09-23_13-50-24.log,2026-09-23_14-00-35.log,HM,0.00224,0.001,WIN
46,40063030,3,500.0,500.0,2,0.491667,0.491667,0.0,420,0.436111,False,False,0.055555999999999994,2026-09-23_14-09-22.log,2026-09-23_14-19-34.log,HM,0.00224,0.001,WIN
47,38032146,3,500.0,500.0,2,0.494444,0.494444,0.0,420,0.427778,False,False,0.066666,2026-09-23_14-28-25.log,2026-09-23_14-38-18.log,HM,0.00224,0.001,WIN
48,74485470,3,500.0,500.0,2,0.513889,0.513889,0.0,420,0.472222,False,False,0.041667000000000065,2026-09-23_14-46-53.log,2026-09-23_14-57-28.log,HM,0.00224,0.001,WIN
49,525339,4,500.0,500.0,1,0.65,0.65,0.0,420,0.641667,False,False,0.008333000000000035,2026-09-23_15-06-31.log,2026-09-23_15-18-39.log,HH,0.00224,0.00224,WIN
50,864365,4,500.0,500.0,1,0.722222,0.722222,0.0,420,0.652778,False,False,0.06944400000000006,2026-09-23_15-29-09.log,2026-09-23_15-41-18.log,HH,0.00224,0.00224,WIN
51,67358,4,500.0,500.0,1,0.722222,0.722222,0.0,420,0.697222,False,False,0.025000000000000022,2026-09-23_15-52-07.log,2026-09-23_16-04-44.log,HH,0.00224,0.00224,WIN
52,747263,4,500.0,500.0,1,0.655556,0.655556,0.0,420,0.647222,False,False,0.008334000000000064,2026-09-23_16-15-31.log,2026-09-23_16-27-16.log,HH,0.00224,0.00224,WIN
53,677807,4,500.0,500.0,1,0.763889,0.763889,0.0,420,0.711111,False,False,0.05277799999999999,2026-09-23_16-37-52.log,2026-09-23_16-50-19.log,HH,0.00224,0.00224,WIN
54,806219,4,500.0,500.0,1,0.694444,0.694444,0.0,420,0.669444,False,False,0.02499999999999991,2026-09-23_17-00-47.log,2026-09-23_17-12-45.log,HH,0.00224,0.00224,WIN
55,76126870,4,500.0,500.0,1,0.752778,0.761111,0.008333000000000035,420,0.711111,False,False,0.0416669999999999,2026-09-23_17-23-12.log,2026-09-23_17-35-35.log,HH,0.00224,0.00224,WIN
56,74509218,4,500.0,500.0,1,0.738889,0.738889,0.0,420,0.716667,False,False,0.022221999999999964,2026-09-23_17-46-08.log,2026-09-23_17-58-06.log,HH,0.00224,0.00224,WIN
57,1664576,4,500.0,500.0,1,0.702778,0.702778,0.0,420,0.716667,False,False,-0.01388900000000004,2026-09-23_18-08-43.log,2026-09-23_18-21-15.log,HH,0.00224,0.00224,LOSS
58,40063030,4,500.0,500.0,1,0.680556,0.680556,0.0,420,0.713889,False,False,-0.033332999999999946,2026-09-23_18-31-44.log,2026-09-23_18-43-01.log,HH,0.00224,0.00224,LOSS
59,38032146,4,500.0,500.0,1,0.730556,0.730556,0.0,420,0.680556,False,False,0.04999999999999993,2026-09-23_18-53-28.log,2026-09-23_19-05-36.log,HH,0.00224,0.00224,WIN
60,74485470,4,500.0,500.0,1,0.711111,0.711111,0.0,420,0.686111,False,False,0.025000000000000022,2026-09-23_19-15-53.log,2026-09-23_19-28-13.log,HH,0.00224,0.00224,WIN
61,525339,4,500.0,500.0,2,0.566667,0.566667,0.0,420,0.472222,False,False,0.09444500000000006,2026-09-23_19-39-12.log,2026-09-23_19-50-27.log,HM,0.00224,0.001,WIN
62,864365,4,500.0,500.0,2,0.547222,0.547222,0.0,420,0.519444,False,False,0.02777799999999997,2026-09-23_20-00-19.log,2026-09-23_20-11-30.log,HM,0.00224,0.001,WIN
63,67358,4,500.0,500.0,2,0.525,0.525,0.0,420,0.527778,False,False,-0.002777999999999947,2026-09-23_20-22-16.log,2026-09-23_20-34-11.log,HM,0.00224,0.001,LOSS
64,747263,4,500.0,500.0,2,0.511111,0.511111,0.0,420,0.511111,False,False,0.0,2026-09-23_20-44-22.log,2026-09-23_20-54-53.log,HM,0.00224,0.001,TIE
65,677807,4,500.0,500.0,2,0.563889,0.563889,0.0,420,0.536111,False,False,0.02777799999999997,2026-09-23_21-04-50.log,2026-09-23_21-16-05.log,HM,0.00224,0.001,WIN
66,806219,4,500.0,500.0,2,0.477778,0.477778,0.0,420,0.505556,False,False,-0.027778000000000025,2026-09-23_21-26-03.log,2026-09-23_21-36-09.log,HM,0.00224,0.001,LOSS
67,76126870,4,500.0,500.0,2,0.536111,0.536111,0.0,420,0.513889,False,False,0.022221999999999964,2026-09-23_21-46-13.log,2026-09-23_21-57-07.log,HM,0.00224,0.001,WIN
68,74509218,4,500.0,500.0,2,0.6,0.6,0.0,420,0.552778,False,False,0.047221999999999986,2026-09-23_22-06-59.log,2026-09-23_22-18-32.log,HM,0.00224,0.001,WIN
69,1664576,4,500.0,500.0,2,0.569444,0.569444,0.0,420,0.516667,False,False,0.05277699999999996,2026-09-23_22-28-32.log,2026-09-23_22-40-33.log,HM,0.00224,0.001,WIN
70,40063030,4,500.0,500.0,2,0.538889,0.538889,0.0,420,0.530556,False,False,0.008332999999999924,2026-09-23_22-51-19.log,2026-09-23_23-02-52.log,HM,0.00224,0.001,WIN
71,38032146,4,500.0,500.0,2,0.552778,0.575,0.022221999999999964,420,0.519444,False,False,0.033333999999999975,2026-09-23_23-13-58.log,2026-09-23_23-26-07.log,HM,0.00224,0.001,WIN
72,74485470,4,500.0,500.0,2,0.552778,0.552778,0.0,420,0.552778,False,False,0.0,2026-09-23_23-36-47.log,2026-09-23_23-49-33.log,HM,0.00224,0.001,TIE
73,525339,6,500.0,500.0,1,0.788889,0.808333,0.019444000000000017,420,0.761111,False,False,0.02777799999999997,2026-09-24_00-00-30.log,2026-09-24_00-15-27.log,HH,0.00224,0.00224,WIN
74,864365,6,500.0,500.0,1,0.766667,0.766667,0.0,420,0.752778,False,False,0.01388900000000004,2026-09-24_00-29-18.log,2026-09-24_00-43-42.log,HH,0.00224,0.00224,WIN
75,67358,6,500.0,500.0,1,0.822222,0.822222,0.0,420,0.8,False,False,0.022221999999999964,2026-09-24_00-57-30.log,2026-09-24_01-11-57.log,HH,0.00224,0.00224,WIN
76,747263,6,500.0,500.0,1,0.752778,0.752778,0.0,420,0.75,False,False,0.002777999999999947,2026-09-24_01-25-43.log,2026-09-24_01-39-16.log,HH,0.00224,0.00224,WIN
77,677807,6,500.0,500.0,1,0.838889,0.838889,0.0,420,0.827778,False,False,0.011110999999999982,2026-09-24_01-52-45.log,2026-09-24_02-07-03.log,HH,0.00224,0.00224,WIN
78,806219,6,500.0,500.0,1,0.780556,0.780556,0.0,420,0.75,False,False,0.030556000000000028,2026-09-24_02-20-18.log,2026-09-24_02-34-12.log,HH,0.00224,0.00224,WIN
79,76126870,6,500.0,500.0,1,0.788889,0.788889,0.0,420,0.802778,False,False,-0.01388900000000004,2026-09-24_02-48-05.log,2026-09-24_03-01-49.log,HH,0.00224,0.00224,LOSS
80,74509218,6,500.0,500.0,1,0.813889,0.813889,0.0,420,0.8,False,False,0.01388899999999993,2026-09-24_03-15-20.log,2026-09-24_03-29-40.log,HH,0.00224,0.00224,WIN
81,1664576,6,500.0,500.0,1,0.811111,0.819444,0.008332999999999924,420,0.802778,False,False,0.008333000000000035,2026-09-24_03-43-06.log,2026-09-24_03-56-41.log,HH,0.00224,0.00224,WIN
82,40063030,6,500.0,500.0,1,0.797222,0.797222,0.0,420,0.805556,False,False,-0.008334000000000064,2026-09-24_04-10-12.log,2026-09-24_04-24-15.log,HH,0.00224,0.00224,LOSS
83,38032146,6,500.0,500.0,1,0.811111,0.811111,0.0,420,0.786111,False,False,0.025000000000000022,2026-09-24_04-37-39.log,2026-09-24_04-51-57.log,HH,0.00224,0.00224,WIN
84,74485470,6,500.0,500.0,1,0.869444,0.869444,0.0,420,0.813889,False,False,0.05555500000000002,2026-09-24_05-05-23.log,2026-09-24_05-19-01.log,HH,0.00224,0.00224,WIN
85,525339,6,500.0,500.0,2,0.611111,0.611111,0.0,420,0.613889,False,False,-0.002778000000000058,2026-09-24_05-32-17.log,2026-09-24_05-44-38.log,HM,0.00224,0.001,LOSS
86,864365,6,500.0,500.0,2,0.630556,0.638889,0.008333000000000035,420,0.6,False,False,0.030556000000000028,2026-09-24_05-56-55.log,2026-09-24_06-09-07.log,HM,0.00224,0.001,WIN
87,67358,6,500.0,500.0,2,0.638889,0.638889,0.0,420,0.655556,False,False,-0.016666999999999987,2026-09-24_06-21-29.log,2026-09-24_06-34-04.log,HM,0.00224,0.001,LOSS
88,747263,6,500.0,500.0,2,0.686111,0.686111,0.0,420,0.638889,False,False,0.047221999999999986,2026-09-24_06-46-26.log,2026-09-24_06-58-28.log,HM,0.00224,0.001,WIN
89,677807,6,500.0,500.0,2,0.688889,0.688889,0.0,420,0.686111,False,False,0.002777999999999947,2026-09-24_07-10-36.log,2026-09-24_07-23-19.log,HM,0.00224,0.001,WIN
90,806219,6,500.0,500.0,2,0.622222,0.622222,0.0,420,0.65,False,False,-0.02777799999999997,2026-09-24_07-35-28.log,2026-09-24_07-47-54.log,HM,0.00224,0.001,LOSS
91,76126870,6,500.0,500.0,2,0.702778,0.702778,0.0,420,0.652778,False,False,0.050000000000000044,2026-09-24_08-00-16.log,2026-09-24_08-13-05.log,HM,0.00224,0.001,WIN
92,74509218,6,500.0,500.0,2,0.716667,0.716667,0.0,420,0.669444,False,False,0.047223000000000015,2026-09-24_08-25-23.log,2026-09-24_08-38-25.log,HM,0.00224,0.001,WIN
93,1664576,6,500.0,500.0,2,0.641667,0.641667,0.0,420,0.644444,False,False,-0.0027770000000000294,2026-09-24_08-50-38.log,2026-09-24_09-03-06.log,HM,0.00224,0.001,LOSS
94,40063030,6,500.0,500.0,2,0.622222,0.622222,0.0,420,0.622222,False,False,0.0,2026-09-24_09-15-26.log,2026-09-24_09-27-28.log,HM,0.00224,0.001,TIE
95,38032146,6,500.0,500.0,2,0.663889,0.663889,0.0,420,0.683333,False,False,-0.019444000000000017,2026-09-24_09-39-44.log,2026-09-24_09-53-07.log,HM,0.00224,0.001,LOSS
96,74485470,6,500.0,500.0,2,0.672222,0.672222,0.0,420,0.647222,False,False,0.025000000000000022,2026-09-24_10-05-27.log,2026-09-24_10-17-48.log,HM,0.00224,0.001,WIN
