scenario_number,method,filename,log,seed,particles_in_header,baseline_evaluations,all_optimizer_evaluations,total_omnet_evaluations,initial_best_pdr,final_simulation_confirmed_best_pdr,total_improvement,convergence_fraction,convergence_target_pdr,convergence_omnet_evaluations,convergence_iteration,convergence_event_fitness
1,PSO-Sim,2026-09-23_07-15-18.log,../build/logs/final_experiments/3_relays_high-high_pso/2026-09-23_07-15-18.log,525339,20,20,400,400,0.536111,0.575,0.03888899999999995,0.95,0.57305555,334,,0.575
1,Hybrid,2026-09-29_01-00-26.log,../build/logs/final_experiments/3_relays_high-high_RF_8c_hy1_hybrid/2026-09-29_01-00-26.log,525339,20,20,400,80,0.552778,0.580556,0.02777799999999997,0.95,0.5791670999999999,76,,0.580556
1,Naive-Sim,2026-09-23_07-25-56.log,../build/logs/final_experiments/3_relays_high-high_naive/2026-09-23_07-25-56.log,,,20,135,135,0.536111,0.547222,0.011110999999999982,0.95,0.54666645,135,134,0.547222
2,PSO-Sim,2026-09-23_07-35-16.log,../build/logs/final_experiments/3_relays_high-high_pso/2026-09-23_07-35-16.log,864365,20,20,400,400,0.5,0.577778,0.07777800000000001,0.95,0.5738891,284,,0.577778
2,Hybrid,2026-09-29_01-03-22.log,../build/logs/final_experiments/3_relays_high-high_RF_8c_hy1_hybrid/2026-09-29_01-03-22.log,864365,20,20,400,80,0.502778,0.533333,0.030555,0.95,0.5318052499999999,47,,0.533333
2,Naive-Sim,2026-09-23_07-46-15.log,../build/logs/final_experiments/3_relays_high-high_naive/2026-09-23_07-46-15.log,,,20,51,51,0.5,0.541667,0.04166700000000001,0.95,0.53958365,51,50,0.541667
3,PSO-Sim,2026-09-23_07-55-39.log,../build/logs/final_experiments/3_relays_high-high_pso/2026-09-23_07-55-39.log,67358,20,20,400,400,0.508333,0.616667,0.10833399999999993,0.95,0.6112503,264,,0.616667
3,Hybrid,2026-09-29_01-06-25.log,../build/logs/final_experiments/3_relays_high-high_RF_8c_hy1_hybrid/2026-09-29_01-06-25.log,67358,20,20,400,80,0.530556,0.575,0.04444399999999993,0.95,0.5727778,67,,0.575
3,Naive-Sim,2026-09-23_08-06-47.log,../build/logs/final_experiments/3_relays_high-high_naive/2026-09-23_08-06-47.log,,,20,315,315,0.508333,0.583333,0.07499999999999996,0.95,0.579583,315,314,0.583333
4,PSO-Sim,2026-09-23_08-16-16.log,../build/logs/final_experiments/3_relays_high-high_pso/2026-09-23_08-16-16.log,747263,20,20,400,400,0.522222,0.6,0.07777800000000001,0.95,0.5961111,305,,0.6
4,Hybrid,2026-09-29_01-09-28.log,../build/logs/final_experiments/3_relays_high-high_RF_8c_hy1_hybrid/2026-09-29_01-09-28.log,747263,20,20,400,80,0.575,0.580556,0.005556000000000005,0.95,0.5802782,55,,0.580556
4,Naive-Sim,2026-09-23_08-27-12.log,../build/logs/final_experiments/3_relays_high-high_naive/2026-09-23_08-27-12.log,,,20,210,210,0.522222,0.555556,0.033334000000000086,0.95,0.5538893,210,209,0.555556
5,PSO-Sim,2026-09-23_08-36-31.log,../build/logs/final_experiments/3_relays_high-high_pso/2026-09-23_08-36-31.log,677807,20,20,400,400,0.544444,0.636111,0.09166699999999994,0.95,0.63152765,338,,0.636111
5,Hybrid,2026-09-29_01-12-15.log,../build/logs/final_experiments/3_relays_high-high_RF_8c_hy1_hybrid/2026-09-29_01-12-15.log,677807,20,20,400,80,0.591667,0.591667,0.0,0.95,0.591667,20,,0.538889
5,Naive-Sim,2026-09-23_08-47-25.log,../build/logs/final_experiments/3_relays_high-high_naive/2026-09-23_08-47-25.log,,,20,42,42,0.544444,0.608333,0.06388899999999997,0.95,0.60513855,42,41,0.608333
6,PSO-Sim,2026-09-23_08-57-07.log,../build/logs/final_experiments/3_relays_high-high_pso/2026-09-23_08-57-07.log,806219,20,20,400,400,0.577778,0.588889,0.011110999999999982,0.95,0.58833345,269,,0.588889
6,Hybrid,2026-09-29_01-15-17.log,../build/logs/final_experiments/3_relays_high-high_RF_8c_hy1_hybrid/2026-09-29_01-15-17.log,806219,20,20,400,80,0.563889,0.569444,0.005554999999999977,0.95,0.56916625,50,,0.569444
6,Naive-Sim,2026-09-23_09-08-17.log,../build/logs/final_experiments/3_relays_high-high_naive/2026-09-23_09-08-17.log,,,20,19,19,0.577778,0.577778,0.0,0.95,0.577778,20,,0.577778
7,PSO-Sim,2026-09-23_09-17-37.log,../build/logs/final_experiments/3_relays_high-high_pso/2026-09-23_09-17-37.log,76126870,20,20,400,400,0.544444,0.647222,0.10277799999999992,0.95,0.6420831,345,,0.647222
7,Hybrid,2026-09-29_01-18-12.log,../build/logs/final_experiments/3_relays_high-high_RF_8c_hy1_hybrid/2026-09-29_01-18-12.log,76126870,20,20,400,80,0.588889,0.597222,0.008333000000000035,0.95,0.59680535,77,,0.597222
7,Naive-Sim,2026-09-23_09-29-11.log,../build/logs/final_experiments/3_relays_high-high_naive/2026-09-23_09-29-11.log,,,20,179,179,0.544444,0.591667,0.047223000000000015,0.95,0.58930585,179,178,0.591667
8,PSO-Sim,2026-09-23_09-38-22.log,../build/logs/final_experiments/3_relays_high-high_pso/2026-09-23_09-38-22.log,74509218,20,20,400,400,0.494444,0.680556,0.18611200000000006,0.95,0.6712504,269,,0.672222
8,Hybrid,2026-09-29_01-21-08.log,../build/logs/final_experiments/3_relays_high-high_RF_8c_hy1_hybrid/2026-09-29_01-21-08.log,74509218,20,20,400,80,0.586111,0.652778,0.06666699999999992,0.95,0.64944465,64,,0.652778
8,Naive-Sim,2026-09-23_09-49-30.log,../build/logs/final_experiments/3_relays_high-high_naive/2026-09-23_09-49-30.log,,,20,393,393,0.494444,0.586111,0.09166700000000005,0.95,0.5815276500000001,393,392,0.586111
9,PSO-Sim,2026-09-23_09-58-49.log,../build/logs/final_experiments/3_relays_high-high_pso/2026-09-23_09-58-49.log,1664576,20,20,400,400,0.525,0.625,0.09999999999999998,0.95,0.62,375,,0.625
9,Hybrid,2026-09-29_01-24-13.log,../build/logs/final_experiments/3_relays_high-high_RF_8c_hy1_hybrid/2026-09-29_01-24-13.log,1664576,20,20,400,80,0.555556,0.608333,0.05277699999999996,0.95,0.60569415,73,,0.608333
9,Naive-Sim,2026-09-23_10-09-55.log,../build/logs/final_experiments/3_relays_high-high_naive/2026-09-23_10-09-55.log,,,20,278,278,0.525,0.575,0.04999999999999993,0.95,0.5725,278,277,0.575
10,PSO-Sim,2026-09-23_10-19-05.log,../build/logs/final_experiments/3_relays_high-high_pso/2026-09-23_10-19-05.log,40063030,20,20,400,400,0.519444,0.636111,0.11666699999999997,0.95,0.63027765,279,,0.633333
10,Hybrid,2026-09-29_01-27-16.log,../build/logs/final_experiments/3_relays_high-high_RF_8c_hy1_hybrid/2026-09-29_01-27-16.log,40063030,20,20,400,80,0.541667,0.577778,0.036111000000000004,0.95,0.57597245,41,,0.577778
10,Naive-Sim,2026-09-23_10-29-59.log,../build/logs/final_experiments/3_relays_high-high_naive/2026-09-23_10-29-59.log,,,20,379,379,0.519444,0.580556,0.061111999999999944,0.95,0.5775003999999999,379,378,0.580556
11,PSO-Sim,2026-09-23_10-39-17.log,../build/logs/final_experiments/3_relays_high-high_pso/2026-09-23_10-39-17.log,38032146,20,20,400,400,0.466667,0.6,0.13333299999999998,0.95,0.59333335,358,,0.6
11,Hybrid,2026-09-29_01-30-15.log,../build/logs/final_experiments/3_relays_high-high_RF_8c_hy1_hybrid/2026-09-29_01-30-15.log,38032146,20,20,400,80,0.516667,0.613889,0.09722200000000003,0.95,0.6090279000000001,78,,0.613889
11,Naive-Sim,2026-09-23_10-49-46.log,../build/logs/final_experiments/3_relays_high-high_naive/2026-09-23_10-49-46.log,,,20,234,234,0.466667,0.580556,0.11388899999999996,0.95,0.5748615499999999,106,105,0.577778
12,PSO-Sim,2026-09-23_10-58-45.log,../build/logs/final_experiments/3_relays_high-high_pso/2026-09-23_10-58-45.log,74485470,20,20,400,400,0.547222,0.625,0.07777800000000001,0.95,0.6211111,237,,0.622222
12,Hybrid,2026-09-29_01-32-58.log,../build/logs/final_experiments/3_relays_high-high_RF_8c_hy1_hybrid/2026-09-29_01-32-58.log,74485470,20,20,400,81,0.6,0.616667,0.016666999999999987,0.95,0.61583365,77,,0.616667
12,Naive-Sim,2026-09-23_11-10-12.log,../build/logs/final_experiments/3_relays_high-high_naive/2026-09-23_11-10-12.log,,,20,260,260,0.547222,0.613889,0.06666700000000003,0.95,0.61055565,260,259,0.613889
13,PSO-Sim,2026-09-28_19-55-07.log,../build/logs/final_experiments/3_relays_high-high_pso/2026-09-28_19-55-07.log,1807902243,20,20,400,400,0.561111,0.638889,0.07777800000000001,0.95,0.6350001000000001,175,,0.638889
13,Hybrid,2026-09-29_01-36-01.log,../build/logs/final_experiments/3_relays_high-high_RF_8c_hy1_hybrid/2026-09-29_01-36-01.log,1807902243,20,20,400,80,0.580556,0.622222,0.04166600000000009,0.95,0.6201387,76,,0.622222
13,Naive-Sim,2026-09-28_22-14-47.log,../build/logs/final_experiments/3_relays_high-high_naive/2026-09-28_22-14-47.log,,,20,347,347,0.561111,0.586111,0.025000000000000022,0.95,0.5848610000000001,347,346,0.586111
14,PSO-Sim,2026-09-28_20-06-12.log,../build/logs/final_experiments/3_relays_high-high_pso/2026-09-28_20-06-12.log,2068291427,20,20,400,400,0.519444,0.552778,0.033333999999999975,0.95,0.5511113,326,,0.552778
14,Hybrid,2026-09-29_01-38-57.log,../build/logs/final_experiments/3_relays_high-high_RF_8c_hy1_hybrid/2026-09-29_01-38-57.log,2068291427,20,20,400,80,0.508333,0.544444,0.036111000000000004,0.95,0.54263845,75,,0.544444
14,Naive-Sim,2026-09-28_22-25-22.log,../build/logs/final_experiments/3_relays_high-high_naive/2026-09-28_22-25-22.log,,,20,44,44,0.519444,0.538889,0.019444999999999935,0.95,0.5379167499999999,44,43,0.538889
15,PSO-Sim,2026-09-28_20-17-24.log,../build/logs/final_experiments/3_relays_high-high_pso/2026-09-28_20-17-24.log,149477148,20,20,400,400,0.544444,0.619444,0.07499999999999996,0.95,0.615694,233,,0.619444
15,Hybrid,2026-09-29_01-41-58.log,../build/logs/final_experiments/3_relays_high-high_RF_8c_hy1_hybrid/2026-09-29_01-41-58.log,149477148,20,20,400,80,0.538889,0.569444,0.030555,0.95,0.5679162499999999,44,,0.569444
15,Naive-Sim,2026-09-28_22-35-45.log,../build/logs/final_experiments/3_relays_high-high_naive/2026-09-28_22-35-45.log,,,20,40,40,0.544444,0.569444,0.02499999999999991,0.95,0.568194,40,39,0.569444
16,PSO-Sim,2026-09-28_20-29-03.log,../build/logs/final_experiments/3_relays_high-high_pso/2026-09-28_20-29-03.log,2719919182,20,20,400,400,0.522222,0.683333,0.161111,0.95,0.67527745,230,,0.683333
16,Hybrid,2026-09-29_01-44-57.log,../build/logs/final_experiments/3_relays_high-high_RF_8c_hy1_hybrid/2026-09-29_01-44-57.log,2719919182,20,20,400,80,0.563889,0.633333,0.06944400000000006,0.95,0.6298608,45,,0.633333
16,Naive-Sim,2026-09-28_22-46-20.log,../build/logs/final_experiments/3_relays_high-high_naive/2026-09-28_22-46-20.log,,,20,177,177,0.522222,0.602778,0.08055600000000007,0.95,0.5987502,177,176,0.602778
17,PSO-Sim,2026-09-28_20-40-35.log,../build/logs/final_experiments/3_relays_high-high_pso/2026-09-28_20-40-35.log,123456789,20,20,400,400,0.536111,0.641667,0.10555599999999998,0.95,0.6363892,233,,0.641667
17,Hybrid,2026-09-29_01-48-01.log,../build/logs/final_experiments/3_relays_high-high_RF_8c_hy1_hybrid/2026-09-29_01-48-01.log,123456789,20,20,400,80,0.572222,0.6,0.02777799999999997,0.95,0.5986111,78,,0.6
17,Naive-Sim,2026-09-28_22-56-40.log,../build/logs/final_experiments/3_relays_high-high_naive/2026-09-28_22-56-40.log,,,20,157,157,0.536111,0.586111,0.050000000000000044,0.95,0.5836110000000001,157,156,0.586111
18,PSO-Sim,2026-09-28_20-50-59.log,../build/logs/final_experiments/3_relays_high-high_pso/2026-09-28_20-50-59.log,717580073,20,20,400,400,0.461111,0.547222,0.086111,0.95,0.54291645,239,,0.547222
18,Hybrid,2026-09-29_01-51-19.log,../build/logs/final_experiments/3_relays_high-high_RF_8c_hy1_hybrid/2026-09-29_01-51-19.log,717580073,20,20,400,80,0.455556,0.525,0.069444,0.95,0.5215278,72,,0.525
18,Naive-Sim,2026-09-28_23-06-27.log,../build/logs/final_experiments/3_relays_high-high_naive/2026-09-28_23-06-27.log,,,20,108,108,0.461111,0.538889,0.07777799999999996,0.95,0.5350001,83,82,0.536111
19,PSO-Sim,2026-09-28_21-00-32.log,../build/logs/final_experiments/3_relays_high-high_pso/2026-09-28_21-00-32.log,9999999,20,20,400,400,0.591667,0.661111,0.06944399999999995,0.95,0.6576388,309,,0.661111
19,Hybrid,2026-09-29_01-54-12.log,../build/logs/final_experiments/3_relays_high-high_RF_8c_hy1_hybrid/2026-09-29_01-54-12.log,9999999,20,20,400,80,0.588889,0.619444,0.030555,0.95,0.61791625,61,,0.619444
19,Naive-Sim,2026-09-28_23-17-02.log,../build/logs/final_experiments/3_relays_high-high_naive/2026-09-28_23-17-02.log,,,20,17,17,0.591667,0.591667,0.0,0.95,0.591667,20,,0.591667
20,PSO-Sim,2026-09-28_21-10-23.log,../build/logs/final_experiments/3_relays_high-high_pso/2026-09-28_21-10-23.log,420,20,20,400,400,0.463889,0.561111,0.09722200000000003,0.95,0.5562499000000001,237,,0.558333
20,Hybrid,2026-09-29_01-57-11.log,../build/logs/final_experiments/3_relays_high-high_RF_8c_hy1_hybrid/2026-09-29_01-57-11.log,420,20,20,400,80,0.522222,0.561111,0.03888900000000006,0.95,0.55916655,22,,0.561111
20,Naive-Sim,2026-09-28_23-27-13.log,../build/logs/final_experiments/3_relays_high-high_naive/2026-09-28_23-27-13.log,,,20,104,104,0.463889,0.55,0.08611100000000005,0.95,0.54569445,104,103,0.55
21,PSO-Sim,2026-09-28_21-20-25.log,../build/logs/final_experiments/3_relays_high-high_pso/2026-09-28_21-20-25.log,111111111,20,20,400,400,0.580556,0.658333,0.07777699999999999,0.95,0.65444415,344,,0.658333
21,Hybrid,2026-09-29_02-00-17.log,../build/logs/final_experiments/3_relays_high-high_RF_8c_hy1_hybrid/2026-09-29_02-00-17.log,111111111,20,20,400,80,0.625,0.677778,0.05277799999999999,0.95,0.6751391,80,,0.677778
21,Naive-Sim,2026-09-28_23-37-25.log,../build/logs/final_experiments/3_relays_high-high_naive/2026-09-28_23-37-25.log,,,20,117,117,0.580556,0.605556,0.025000000000000022,0.95,0.604306,117,116,0.605556
22,PSO-Sim,2026-09-28_21-31-18.log,../build/logs/final_experiments/3_relays_high-high_pso/2026-09-28_21-31-18.log,3593483279,20,20,400,400,0.508333,0.583333,0.07499999999999996,0.95,0.579583,221,,0.580556
22,Hybrid,2026-09-29_02-03-34.log,../build/logs/final_experiments/3_relays_high-high_RF_8c_hy1_hybrid/2026-09-29_02-03-34.log,3593483279,20,20,400,80,0.513889,0.586111,0.07222200000000001,0.95,0.5824999000000001,66,,0.586111
22,Naive-Sim,2026-09-28_23-47-25.log,../build/logs/final_experiments/3_relays_high-high_naive/2026-09-28_23-47-25.log,,,20,24,24,0.508333,0.552778,0.04444499999999996,0.95,0.55055575,24,23,0.552778
23,PSO-Sim,2026-09-28_21-41-33.log,../build/logs/final_experiments/3_relays_high-high_pso/2026-09-28_21-41-33.log,8787617,20,20,400,400,0.491667,0.605556,0.11388899999999996,0.95,0.59986155,374,,0.605556
23,Hybrid,2026-09-29_02-06-36.log,../build/logs/final_experiments/3_relays_high-high_RF_8c_hy1_hybrid/2026-09-29_02-06-36.log,8787617,20,20,400,80,0.525,0.602778,0.07777800000000001,0.95,0.5988891000000001,44,,0.602778
23,Naive-Sim,2026-09-28_23-57-25.log,../build/logs/final_experiments/3_relays_high-high_naive/2026-09-28_23-57-25.log,,,20,136,136,0.491667,0.588889,0.09722199999999998,0.95,0.5840278999999999,136,135,0.588889
24,PSO-Sim,2026-09-28_21-52-02.log,../build/logs/final_experiments/3_relays_high-high_pso/2026-09-28_21-52-02.log,22061998,20,20,400,400,0.491667,0.575,0.08333299999999993,0.95,0.57083335,336,,0.575
24,Hybrid,2026-09-29_02-09-26.log,../build/logs/final_experiments/3_relays_high-high_RF_8c_hy1_hybrid/2026-09-29_02-09-26.log,22061998,20,20,400,80,0.536111,0.552778,0.016666999999999987,0.95,0.55194465,37,,0.552778
24,Naive-Sim,2026-09-29_00-07-28.log,../build/logs/final_experiments/3_relays_high-high_naive/2026-09-29_00-07-28.log,,,20,385,385,0.491667,0.563889,0.07222199999999995,0.95,0.5602779,385,384,0.563889
25,PSO-Sim,2026-09-28_22-02-41.log,../build/logs/final_experiments/3_relays_high-high_pso/2026-09-28_22-02-41.log,10062002,20,20,400,400,0.575,0.619444,0.04444400000000004,0.95,0.6172218,174,,0.619444
25,Hybrid,2026-09-29_02-12-11.log,../build/logs/final_experiments/3_relays_high-high_RF_8c_hy1_hybrid/2026-09-29_02-12-11.log,10062002,20,20,400,80,0.619444,0.633333,0.01388900000000004,0.95,0.63263855,72,,0.633333
25,Naive-Sim,2026-09-29_00-18-07.log,../build/logs/final_experiments/3_relays_high-high_naive/2026-09-29_00-18-07.log,,,20,338,338,0.575,0.622222,0.0472220000000001,0.95,0.6198609,338,337,0.622222
