pair,method,file,seed,relays,width,height,iteration,evaluation,best_fitness
1,PSO,2026-09-23_00-13-42.log,525339,2,500.0,500.0,0,1,0.113889
1,PSO,2026-09-23_00-13-42.log,525339,2,500.0,500.0,0,2,0.372222
1,PSO,2026-09-23_00-13-42.log,525339,2,500.0,500.0,1,32,0.405556
1,PSO,2026-09-23_00-13-42.log,525339,2,500.0,500.0,2,60,0.408333
1,PSO,2026-09-23_00-13-42.log,525339,2,500.0,500.0,4,81,0.411111
1,PSO,2026-09-23_00-13-42.log,525339,2,500.0,500.0,4,92,0.413889
1,PSO,2026-09-23_00-13-42.log,525339,2,500.0,500.0,5,118,0.419444
1,PSO,2026-09-23_00-13-42.log,525339,2,500.0,500.0,6,130,0.444444
1,Naive,2026-09-23_00-23-45.log,,193,,,0,1,0.113889
1,Naive,2026-09-23_00-23-45.log,,193,,,1,2,0.372222
1,Naive,2026-09-23_00-23-45.log,,193,,,44,45,0.411111
1,Naive,2026-09-23_00-23-45.log,,193,,,168,169,0.425
2,PSO,2026-09-23_00-31-53.log,864365,2,500.0,500.0,0,1,0.158333
2,PSO,2026-09-23_00-31-53.log,864365,2,500.0,500.0,0,2,0.202778
2,PSO,2026-09-23_00-31-53.log,864365,2,500.0,500.0,0,3,0.266667
2,PSO,2026-09-23_00-31-53.log,864365,2,500.0,500.0,0,5,0.3
2,PSO,2026-09-23_00-31-53.log,864365,2,500.0,500.0,0,8,0.336111
2,PSO,2026-09-23_00-31-53.log,864365,2,500.0,500.0,0,9,0.35
2,PSO,2026-09-23_00-31-53.log,864365,2,500.0,500.0,1,23,0.358333
2,PSO,2026-09-23_00-31-53.log,864365,2,500.0,500.0,2,58,0.363889
2,PSO,2026-09-23_00-31-53.log,864365,2,500.0,500.0,5,107,0.372222
2,PSO,2026-09-23_00-31-53.log,864365,2,500.0,500.0,5,117,0.375
2,PSO,2026-09-23_00-31-53.log,864365,2,500.0,500.0,7,150,0.380556
2,PSO,2026-09-23_00-31-53.log,864365,2,500.0,500.0,11,235,0.386111
2,Naive,2026-09-23_00-41-13.log,,96,,,0,1,0.158333
2,Naive,2026-09-23_00-41-13.log,,96,,,1,2,0.202778
2,Naive,2026-09-23_00-41-13.log,,96,,,2,3,0.266667
2,Naive,2026-09-23_00-41-13.log,,96,,,4,5,0.3
2,Naive,2026-09-23_00-41-13.log,,96,,,7,8,0.336111
2,Naive,2026-09-23_00-41-13.log,,96,,,8,9,0.35
2,Naive,2026-09-23_00-41-13.log,,96,,,25,26,0.366667
2,Naive,2026-09-23_00-41-13.log,,96,,,148,149,0.397222
3,PSO,2026-09-23_00-49-17.log,67358,2,500.0,500.0,0,1,0.333333
3,PSO,2026-09-23_00-49-17.log,67358,2,500.0,500.0,0,18,0.419444
3,PSO,2026-09-23_00-49-17.log,67358,2,500.0,500.0,2,41,0.444444
3,PSO,2026-09-23_00-49-17.log,67358,2,500.0,500.0,3,61,0.447222
3,PSO,2026-09-23_00-49-17.log,67358,2,500.0,500.0,3,78,0.45
3,PSO,2026-09-23_00-49-17.log,67358,2,500.0,500.0,4,91,0.455556
3,PSO,2026-09-23_00-49-17.log,67358,2,500.0,500.0,4,92,0.483333
3,PSO,2026-09-23_00-49-17.log,67358,2,500.0,500.0,6,139,0.486111
3,PSO,2026-09-23_00-49-17.log,67358,2,500.0,500.0,7,146,0.488889
3,PSO,2026-09-23_00-49-17.log,67358,2,500.0,500.0,8,169,0.497222
3,Naive,2026-09-23_00-59-31.log,,206,,,0,1,0.333333
3,Naive,2026-09-23_00-59-31.log,,206,,,17,18,0.419444
3,Naive,2026-09-23_00-59-31.log,,206,,,23,24,0.472222
3,Naive,2026-09-23_00-59-31.log,,206,,,343,344,0.477778
4,PSO,2026-09-23_01-07-48.log,747263,2,500.0,500.0,0,1,0.3
4,PSO,2026-09-23_01-07-48.log,747263,2,500.0,500.0,0,5,0.338889
4,PSO,2026-09-23_01-07-48.log,747263,2,500.0,500.0,0,9,0.416667
4,PSO,2026-09-23_01-07-48.log,747263,2,500.0,500.0,0,16,0.425
4,PSO,2026-09-23_01-07-48.log,747263,2,500.0,500.0,3,68,0.438889
4,PSO,2026-09-23_01-07-48.log,747263,2,500.0,500.0,4,86,0.441667
4,PSO,2026-09-23_01-07-48.log,747263,2,500.0,500.0,5,108,0.452778
4,PSO,2026-09-23_01-07-48.log,747263,2,500.0,500.0,6,135,0.461111
4,Naive,2026-09-23_01-17-24.log,,91,,,0,1,0.3
4,Naive,2026-09-23_01-17-24.log,,91,,,4,5,0.338889
4,Naive,2026-09-23_01-17-24.log,,91,,,8,9,0.416667
4,Naive,2026-09-23_01-17-24.log,,91,,,15,16,0.425
4,Naive,2026-09-23_01-17-24.log,,91,,,72,73,0.438889
4,Naive,2026-09-23_01-17-24.log,,91,,,133,134,0.463889
5,PSO,2026-09-23_01-25-27.log,677807,2,500.0,500.0,0,1,0.35
5,PSO,2026-09-23_01-25-27.log,677807,2,500.0,500.0,0,4,0.355556
5,PSO,2026-09-23_01-25-27.log,677807,2,500.0,500.0,0,6,0.416667
5,PSO,2026-09-23_01-25-27.log,677807,2,500.0,500.0,0,9,0.45
5,PSO,2026-09-23_01-25-27.log,677807,2,500.0,500.0,0,17,0.466667
5,PSO,2026-09-23_01-25-27.log,677807,2,500.0,500.0,2,47,0.483333
5,PSO,2026-09-23_01-25-27.log,677807,2,500.0,500.0,2,49,0.497222
5,PSO,2026-09-23_01-25-27.log,677807,2,500.0,500.0,4,91,0.5
5,PSO,2026-09-23_01-25-27.log,677807,2,500.0,500.0,5,110,0.508333
5,PSO,2026-09-23_01-25-27.log,677807,2,500.0,500.0,5,119,0.511111
5,PSO,2026-09-23_01-25-27.log,677807,2,500.0,500.0,6,128,0.513889
5,PSO,2026-09-23_01-25-27.log,677807,2,500.0,500.0,8,165,0.516667
5,Naive,2026-09-23_01-35-15.log,,209,,,0,1,0.35
5,Naive,2026-09-23_01-35-15.log,,209,,,3,4,0.355556
5,Naive,2026-09-23_01-35-15.log,,209,,,5,6,0.416667
5,Naive,2026-09-23_01-35-15.log,,209,,,8,9,0.45
5,Naive,2026-09-23_01-35-15.log,,209,,,16,17,0.466667
5,Naive,2026-09-23_01-35-15.log,,209,,,138,139,0.469444
5,Naive,2026-09-23_01-35-15.log,,209,,,168,169,0.475
6,PSO,2026-09-23_01-43-35.log,806219,2,500.0,500.0,0,1,0.2
6,PSO,2026-09-23_01-43-35.log,806219,2,500.0,500.0,0,2,0.3
6,PSO,2026-09-23_01-43-35.log,806219,2,500.0,500.0,0,3,0.325
6,PSO,2026-09-23_01-43-35.log,806219,2,500.0,500.0,0,5,0.347222
6,PSO,2026-09-23_01-43-35.log,806219,2,500.0,500.0,1,26,0.35
6,PSO,2026-09-23_01-43-35.log,806219,2,500.0,500.0,2,42,0.358333
6,PSO,2026-09-23_01-43-35.log,806219,2,500.0,500.0,3,63,0.397222
6,PSO,2026-09-23_01-43-35.log,806219,2,500.0,500.0,4,88,0.405556
6,PSO,2026-09-23_01-43-35.log,806219,2,500.0,500.0,11,239,0.411111
6,PSO,2026-09-23_01-43-35.log,806219,2,500.0,500.0,12,249,0.416667
6,PSO,2026-09-23_01-43-35.log,806219,2,500.0,500.0,14,294,0.422222
6,PSO,2026-09-23_01-43-35.log,806219,2,500.0,500.0,15,314,0.430556
6,Naive,2026-09-23_01-52-32.log,,97,,,0,1,0.2
6,Naive,2026-09-23_01-52-32.log,,97,,,1,2,0.3
6,Naive,2026-09-23_01-52-32.log,,97,,,2,3,0.325
6,Naive,2026-09-23_01-52-32.log,,97,,,4,5,0.347222
6,Naive,2026-09-23_01-52-32.log,,97,,,26,27,0.352778
6,Naive,2026-09-23_01-52-32.log,,97,,,37,38,0.369444
6,Naive,2026-09-23_01-52-32.log,,97,,,40,41,0.397222
6,Naive,2026-09-23_01-52-32.log,,97,,,141,142,0.408333
6,Naive,2026-09-23_01-52-32.log,,97,,,192,193,0.416667
7,PSO,2026-09-23_02-00-50.log,76126870,2,500.0,500.0,0,1,0.408333
7,PSO,2026-09-23_02-00-50.log,76126870,2,500.0,500.0,1,34,0.447222
7,PSO,2026-09-23_02-00-50.log,76126870,2,500.0,500.0,2,60,0.477778
7,Naive,2026-09-23_02-10-19.log,,124,,,0,1,0.408333
7,Naive,2026-09-23_02-10-19.log,,124,,,155,156,0.411111
7,Naive,2026-09-23_02-10-19.log,,124,,,164,165,0.416667
7,Naive,2026-09-23_02-10-19.log,,124,,,227,228,0.452778
8,PSO,2026-09-23_02-18-21.log,74509218,2,500.0,500.0,0,1,0.430556
8,PSO,2026-09-23_02-18-21.log,74509218,2,500.0,500.0,2,42,0.433333
8,PSO,2026-09-23_02-18-21.log,74509218,2,500.0,500.0,3,61,0.438889
8,PSO,2026-09-23_02-18-21.log,74509218,2,500.0,500.0,3,74,0.444444
8,PSO,2026-09-23_02-18-21.log,74509218,2,500.0,500.0,3,75,0.447222
8,PSO,2026-09-23_02-18-21.log,74509218,2,500.0,500.0,9,182,0.45
8,PSO,2026-09-23_02-18-21.log,74509218,2,500.0,500.0,15,310,0.455556
8,PSO,2026-09-23_02-18-21.log,74509218,2,500.0,500.0,17,351,0.463889
8,Naive,2026-09-23_02-27-51.log,,232,,,0,1,0.430556
8,Naive,2026-09-23_02-27-51.log,,232,,,20,21,0.447222
8,Naive,2026-09-23_02-27-51.log,,232,,,50,51,0.458333
9,PSO,2026-09-23_02-36-12.log,1664576,2,500.0,500.0,0,1,0.225
9,PSO,2026-09-23_02-36-12.log,1664576,2,500.0,500.0,0,2,0.286111
9,PSO,2026-09-23_02-36-12.log,1664576,2,500.0,500.0,0,3,0.35
9,PSO,2026-09-23_02-36-12.log,1664576,2,500.0,500.0,0,9,0.444444
9,PSO,2026-09-23_02-36-12.log,1664576,2,500.0,500.0,6,125,0.447222
9,PSO,2026-09-23_02-36-12.log,1664576,2,500.0,500.0,6,140,0.455556
9,PSO,2026-09-23_02-36-12.log,1664576,2,500.0,500.0,8,175,0.458333
9,PSO,2026-09-23_02-36-12.log,1664576,2,500.0,500.0,9,195,0.466667
9,Naive,2026-09-23_02-46-09.log,,106,,,0,1,0.225
9,Naive,2026-09-23_02-46-09.log,,106,,,1,2,0.286111
9,Naive,2026-09-23_02-46-09.log,,106,,,2,3,0.35
9,Naive,2026-09-23_02-46-09.log,,106,,,8,9,0.444444
10,PSO,2026-09-23_02-54-24.log,40063030,2,500.0,500.0,0,1,0.105556
10,PSO,2026-09-23_02-54-24.log,40063030,2,500.0,500.0,0,2,0.283333
10,PSO,2026-09-23_02-54-24.log,40063030,2,500.0,500.0,0,3,0.286111
10,PSO,2026-09-23_02-54-24.log,40063030,2,500.0,500.0,0,4,0.313889
10,PSO,2026-09-23_02-54-24.log,40063030,2,500.0,500.0,0,7,0.316667
10,PSO,2026-09-23_02-54-24.log,40063030,2,500.0,500.0,0,11,0.397222
10,PSO,2026-09-23_02-54-24.log,40063030,2,500.0,500.0,0,17,0.405556
10,PSO,2026-09-23_02-54-24.log,40063030,2,500.0,500.0,1,25,0.427778
10,PSO,2026-09-23_02-54-24.log,40063030,2,500.0,500.0,2,46,0.433333
10,PSO,2026-09-23_02-54-24.log,40063030,2,500.0,500.0,2,55,0.438889
10,PSO,2026-09-23_02-54-24.log,40063030,2,500.0,500.0,4,84,0.461111
10,PSO,2026-09-23_02-54-24.log,40063030,2,500.0,500.0,6,131,0.472222
10,PSO,2026-09-23_02-54-24.log,40063030,2,500.0,500.0,10,202,0.475
10,PSO,2026-09-23_02-54-24.log,40063030,2,500.0,500.0,14,296,0.480556
10,Naive,2026-09-23_03-04-16.log,,96,,,0,1,0.105556
10,Naive,2026-09-23_03-04-16.log,,96,,,1,2,0.283333
10,Naive,2026-09-23_03-04-16.log,,96,,,2,3,0.286111
10,Naive,2026-09-23_03-04-16.log,,96,,,3,4,0.313889
10,Naive,2026-09-23_03-04-16.log,,96,,,6,7,0.316667
10,Naive,2026-09-23_03-04-16.log,,96,,,10,11,0.397222
10,Naive,2026-09-23_03-04-16.log,,96,,,16,17,0.405556
10,Naive,2026-09-23_03-04-16.log,,96,,,26,27,0.436111
10,Naive,2026-09-23_03-04-16.log,,96,,,187,188,0.45
10,Naive,2026-09-23_03-04-16.log,,96,,,282,283,0.458333
11,PSO,2026-09-23_03-12-36.log,38032146,2,500.0,500.0,0,1,0.219444
11,PSO,2026-09-23_03-12-36.log,38032146,2,500.0,500.0,0,3,0.336111
11,PSO,2026-09-23_03-12-36.log,38032146,2,500.0,500.0,0,5,0.347222
11,PSO,2026-09-23_03-12-36.log,38032146,2,500.0,500.0,0,15,0.419444
11,PSO,2026-09-23_03-12-36.log,38032146,2,500.0,500.0,1,32,0.452778
11,PSO,2026-09-23_03-12-36.log,38032146,2,500.0,500.0,5,109,0.461111
11,PSO,2026-09-23_03-12-36.log,38032146,2,500.0,500.0,7,149,0.472222
11,PSO,2026-09-23_03-12-36.log,38032146,2,500.0,500.0,10,218,0.477778
11,PSO,2026-09-23_03-12-36.log,38032146,2,500.0,500.0,11,228,0.480556
11,PSO,2026-09-23_03-12-36.log,38032146,2,500.0,500.0,13,276,0.483333
11,PSO,2026-09-23_03-12-36.log,38032146,2,500.0,500.0,14,296,0.486111
11,Naive,2026-09-23_03-22-27.log,,97,,,0,1,0.219444
11,Naive,2026-09-23_03-22-27.log,,97,,,2,3,0.336111
11,Naive,2026-09-23_03-22-27.log,,97,,,4,5,0.347222
11,Naive,2026-09-23_03-22-27.log,,97,,,14,15,0.419444
11,Naive,2026-09-23_03-22-27.log,,97,,,249,250,0.45
12,PSO,2026-09-23_03-30-18.log,74485470,2,500.0,500.0,0,1,0.288889
12,PSO,2026-09-23_03-30-18.log,74485470,2,500.0,500.0,0,2,0.336111
12,PSO,2026-09-23_03-30-18.log,74485470,2,500.0,500.0,0,3,0.369444
12,PSO,2026-09-23_03-30-18.log,74485470,2,500.0,500.0,0,10,0.397222
12,PSO,2026-09-23_03-30-18.log,74485470,2,500.0,500.0,0,11,0.422222
12,PSO,2026-09-23_03-30-18.log,74485470,2,500.0,500.0,1,22,0.480556
12,PSO,2026-09-23_03-30-18.log,74485470,2,500.0,500.0,2,53,0.486111
12,PSO,2026-09-23_03-30-18.log,74485470,2,500.0,500.0,4,87,0.491667
12,PSO,2026-09-23_03-30-18.log,74485470,2,500.0,500.0,5,111,0.494444
12,PSO,2026-09-23_03-30-18.log,74485470,2,500.0,500.0,7,153,0.497222
12,PSO,2026-09-23_03-30-18.log,74485470,2,500.0,500.0,9,191,0.5
12,PSO,2026-09-23_03-30-18.log,74485470,2,500.0,500.0,20,410,0.502778
12,Naive,2026-09-23_03-40-15.log,,107,,,0,1,0.288889
12,Naive,2026-09-23_03-40-15.log,,107,,,1,2,0.336111
12,Naive,2026-09-23_03-40-15.log,,107,,,2,3,0.369444
12,Naive,2026-09-23_03-40-15.log,,107,,,9,10,0.397222
12,Naive,2026-09-23_03-40-15.log,,107,,,10,11,0.422222
12,Naive,2026-09-23_03-40-15.log,,107,,,53,54,0.425
12,Naive,2026-09-23_03-40-15.log,,107,,,61,62,0.436111
12,Naive,2026-09-23_03-40-15.log,,107,,,108,109,0.488889
13,PSO,2026-09-23_03-48-53.log,525339,2,500.0,500.0,0,1,0.0555556
13,PSO,2026-09-23_03-48-53.log,525339,2,500.0,500.0,0,2,0.222222
13,PSO,2026-09-23_03-48-53.log,525339,2,500.0,500.0,0,4,0.230556
13,PSO,2026-09-23_03-48-53.log,525339,2,500.0,500.0,0,11,0.233333
13,PSO,2026-09-23_03-48-53.log,525339,2,500.0,500.0,0,13,0.255556
13,PSO,2026-09-23_03-48-53.log,525339,2,500.0,500.0,1,22,0.258333
13,PSO,2026-09-23_03-48-53.log,525339,2,500.0,500.0,1,37,0.269444
13,PSO,2026-09-23_03-48-53.log,525339,2,500.0,500.0,2,50,0.283333
13,PSO,2026-09-23_03-48-53.log,525339,2,500.0,500.0,3,75,0.319444
13,PSO,2026-09-23_03-48-53.log,525339,2,500.0,500.0,7,147,0.322222
13,PSO,2026-09-23_03-48-53.log,525339,2,500.0,500.0,9,186,0.325
13,PSO,2026-09-23_03-48-53.log,525339,2,500.0,500.0,12,246,0.327778
13,PSO,2026-09-23_03-48-53.log,525339,2,500.0,500.0,12,255,0.330556
13,PSO,2026-09-23_03-48-53.log,525339,2,500.0,500.0,13,270,0.333333
13,Naive,2026-09-23_03-57-54.log,,55,,,0,1,0.0555556
13,Naive,2026-09-23_03-57-54.log,,55,,,1,2,0.222222
13,Naive,2026-09-23_03-57-54.log,,55,,,3,4,0.230556
13,Naive,2026-09-23_03-57-54.log,,55,,,10,11,0.233333
13,Naive,2026-09-23_03-57-54.log,,55,,,12,13,0.255556
13,Naive,2026-09-23_03-57-54.log,,55,,,22,23,0.291667
13,Naive,2026-09-23_03-57-54.log,,55,,,299,300,0.3
14,PSO,2026-09-23_04-05-51.log,864365,2,500.0,500.0,0,1,0.130556
14,PSO,2026-09-23_04-05-51.log,864365,2,500.0,500.0,0,2,0.180556
14,PSO,2026-09-23_04-05-51.log,864365,2,500.0,500.0,0,5,0.238889
14,PSO,2026-09-23_04-05-51.log,864365,2,500.0,500.0,0,8,0.252778
14,PSO,2026-09-23_04-05-51.log,864365,2,500.0,500.0,0,20,0.258333
14,PSO,2026-09-23_04-05-51.log,864365,2,500.0,500.0,1,32,0.275
14,PSO,2026-09-23_04-05-51.log,864365,2,500.0,500.0,2,60,0.277778
14,PSO,2026-09-23_04-05-51.log,864365,2,500.0,500.0,3,72,0.280556
14,PSO,2026-09-23_04-05-51.log,864365,2,500.0,500.0,5,105,0.3
14,Naive,2026-09-23_04-14-46.log,,260,,,0,1,0.130556
14,Naive,2026-09-23_04-14-46.log,,260,,,1,2,0.180556
14,Naive,2026-09-23_04-14-46.log,,260,,,4,5,0.238889
14,Naive,2026-09-23_04-14-46.log,,260,,,7,8,0.252778
14,Naive,2026-09-23_04-14-46.log,,260,,,19,20,0.258333
14,Naive,2026-09-23_04-14-46.log,,260,,,55,56,0.269444
14,Naive,2026-09-23_04-14-46.log,,260,,,145,146,0.277778
14,Naive,2026-09-23_04-14-46.log,,260,,,157,158,0.280556
14,Naive,2026-09-23_04-14-46.log,,260,,,195,196,0.291667
15,PSO,2026-09-23_04-22-29.log,67358,2,500.0,500.0,0,1,0.233333
15,PSO,2026-09-23_04-22-29.log,67358,2,500.0,500.0,1,22,0.241667
15,PSO,2026-09-23_04-22-29.log,67358,2,500.0,500.0,1,30,0.263889
15,PSO,2026-09-23_04-22-29.log,67358,2,500.0,500.0,1,38,0.288889
15,PSO,2026-09-23_04-22-29.log,67358,2,500.0,500.0,4,87,0.3
15,PSO,2026-09-23_04-22-29.log,67358,2,500.0,500.0,8,175,0.308333
15,PSO,2026-09-23_04-22-29.log,67358,2,500.0,500.0,10,204,0.311111
15,PSO,2026-09-23_04-22-29.log,67358,2,500.0,500.0,10,214,0.319444
15,PSO,2026-09-23_04-22-29.log,67358,2,500.0,500.0,16,338,0.330556
15,PSO,2026-09-23_04-22-29.log,67358,2,500.0,500.0,17,342,0.336111
15,Naive,2026-09-23_04-31-45.log,,136,,,0,1,0.233333
15,Naive,2026-09-23_04-31-45.log,,136,,,22,23,0.272222
15,Naive,2026-09-23_04-31-45.log,,136,,,23,24,0.302778
15,Naive,2026-09-23_04-31-45.log,,136,,,50,51,0.330556
15,Naive,2026-09-23_04-31-45.log,,136,,,202,203,0.344444
16,PSO,2026-09-23_04-39-48.log,747263,2,500.0,500.0,0,1,0.191667
16,PSO,2026-09-23_04-39-48.log,747263,2,500.0,500.0,0,2,0.194444
16,PSO,2026-09-23_04-39-48.log,747263,2,500.0,500.0,0,5,0.275
16,PSO,2026-09-23_04-39-48.log,747263,2,500.0,500.0,0,9,0.297222
16,PSO,2026-09-23_04-39-48.log,747263,2,500.0,500.0,3,67,0.302778
16,PSO,2026-09-23_04-39-48.log,747263,2,500.0,500.0,4,93,0.308333
16,PSO,2026-09-23_04-39-48.log,747263,2,500.0,500.0,4,99,0.313889
16,PSO,2026-09-23_04-39-48.log,747263,2,500.0,500.0,4,100,0.341667
16,PSO,2026-09-23_04-39-48.log,747263,2,500.0,500.0,5,104,0.380556
16,PSO,2026-09-23_04-39-48.log,747263,2,500.0,500.0,6,130,0.383333
16,PSO,2026-09-23_04-39-48.log,747263,2,500.0,500.0,8,164,0.386111
16,PSO,2026-09-23_04-39-48.log,747263,2,500.0,500.0,8,169,0.388889
16,PSO,2026-09-23_04-39-48.log,747263,2,500.0,500.0,13,269,0.391667
16,PSO,2026-09-23_04-39-48.log,747263,2,500.0,500.0,15,309,0.397222
16,Naive,2026-09-23_04-49-10.log,,167,,,0,1,0.191667
16,Naive,2026-09-23_04-49-10.log,,167,,,1,2,0.194444
16,Naive,2026-09-23_04-49-10.log,,167,,,4,5,0.275
16,Naive,2026-09-23_04-49-10.log,,167,,,8,9,0.297222
16,Naive,2026-09-23_04-49-10.log,,167,,,72,73,0.372222
17,PSO,2026-09-23_04-57-03.log,677807,2,500.0,500.0,0,1,0.230556
17,PSO,2026-09-23_04-57-03.log,677807,2,500.0,500.0,0,4,0.238889
17,PSO,2026-09-23_04-57-03.log,677807,2,500.0,500.0,0,6,0.311111
17,PSO,2026-09-23_04-57-03.log,677807,2,500.0,500.0,0,7,0.319444
17,PSO,2026-09-23_04-57-03.log,677807,2,500.0,500.0,0,11,0.330556
17,PSO,2026-09-23_04-57-03.log,677807,2,500.0,500.0,1,25,0.333333
17,PSO,2026-09-23_04-57-03.log,677807,2,500.0,500.0,1,36,0.336111
17,PSO,2026-09-23_04-57-03.log,677807,2,500.0,500.0,2,41,0.347222
17,PSO,2026-09-23_04-57-03.log,677807,2,500.0,500.0,3,67,0.355556
17,PSO,2026-09-23_04-57-03.log,677807,2,500.0,500.0,4,88,0.361111
17,Naive,2026-09-23_05-06-13.log,,114,,,0,1,0.230556
17,Naive,2026-09-23_05-06-13.log,,114,,,3,4,0.238889
17,Naive,2026-09-23_05-06-13.log,,114,,,5,6,0.311111
17,Naive,2026-09-23_05-06-13.log,,114,,,6,7,0.319444
17,Naive,2026-09-23_05-06-13.log,,114,,,10,11,0.330556
17,Naive,2026-09-23_05-06-13.log,,114,,,66,67,0.333333
17,Naive,2026-09-23_05-06-13.log,,114,,,118,119,0.352778
18,PSO,2026-09-23_05-14-23.log,806219,2,500.0,500.0,0,1,0.102778
18,PSO,2026-09-23_05-14-23.log,806219,2,500.0,500.0,0,2,0.241667
18,PSO,2026-09-23_05-14-23.log,806219,2,500.0,500.0,0,3,0.277778
18,PSO,2026-09-23_05-14-23.log,806219,2,500.0,500.0,0,5,0.283333
18,PSO,2026-09-23_05-14-23.log,806219,2,500.0,500.0,0,12,0.291667
18,PSO,2026-09-23_05-14-23.log,806219,2,500.0,500.0,1,26,0.297222
18,PSO,2026-09-23_05-14-23.log,806219,2,500.0,500.0,3,65,0.308333
18,PSO,2026-09-23_05-14-23.log,806219,2,500.0,500.0,4,81,0.316667
18,PSO,2026-09-23_05-14-23.log,806219,2,500.0,500.0,6,121,0.322222
18,PSO,2026-09-23_05-14-23.log,806219,2,500.0,500.0,11,234,0.325
18,PSO,2026-09-23_05-14-23.log,806219,2,500.0,500.0,13,261,0.327778
18,PSO,2026-09-23_05-14-23.log,806219,2,500.0,500.0,14,291,0.333333
18,PSO,2026-09-23_05-14-23.log,806219,2,500.0,500.0,14,293,0.352778
18,Naive,2026-09-23_05-23-25.log,,81,,,0,1,0.102778
18,Naive,2026-09-23_05-23-25.log,,81,,,1,2,0.241667
18,Naive,2026-09-23_05-23-25.log,,81,,,2,3,0.277778
18,Naive,2026-09-23_05-23-25.log,,81,,,4,5,0.283333
18,Naive,2026-09-23_05-23-25.log,,81,,,11,12,0.291667
18,Naive,2026-09-23_05-23-25.log,,81,,,43,44,0.294444
18,Naive,2026-09-23_05-23-25.log,,81,,,70,71,0.297222
18,Naive,2026-09-23_05-23-25.log,,81,,,160,161,0.305556
19,PSO,2026-09-23_05-31-32.log,76126870,2,500.0,500.0,0,1,0.277778
19,PSO,2026-09-23_05-31-32.log,76126870,2,500.0,500.0,0,7,0.294444
19,PSO,2026-09-23_05-31-32.log,76126870,2,500.0,500.0,1,31,0.316667
19,PSO,2026-09-23_05-31-32.log,76126870,2,500.0,500.0,12,259,0.358333
19,PSO,2026-09-23_05-31-32.log,76126870,2,500.0,500.0,14,299,0.361111
19,Naive,2026-09-23_05-40-38.log,,78,,,0,1,0.277778
19,Naive,2026-09-23_05-40-38.log,,78,,,6,7,0.294444
19,Naive,2026-09-23_05-40-38.log,,78,,,75,76,0.305556
19,Naive,2026-09-23_05-40-38.log,,78,,,112,113,0.313889
19,Naive,2026-09-23_05-40-38.log,,78,,,210,211,0.316667
20,PSO,2026-09-23_05-48-30.log,74509218,2,500.0,500.0,0,1,0.286111
20,PSO,2026-09-23_05-48-30.log,74509218,2,500.0,500.0,0,2,0.327778
20,PSO,2026-09-23_05-48-30.log,74509218,2,500.0,500.0,1,39,0.369444
20,PSO,2026-09-23_05-48-30.log,74509218,2,500.0,500.0,2,50,0.375
20,PSO,2026-09-23_05-48-30.log,74509218,2,500.0,500.0,11,223,0.380556
20,PSO,2026-09-23_05-48-30.log,74509218,2,500.0,500.0,11,237,0.388889
20,PSO,2026-09-23_05-48-30.log,74509218,2,500.0,500.0,12,247,0.394444
20,PSO,2026-09-23_05-48-30.log,74509218,2,500.0,500.0,18,370,0.397222
20,Naive,2026-09-23_05-57-59.log,,131,,,0,1,0.286111
20,Naive,2026-09-23_05-57-59.log,,131,,,1,2,0.327778
20,Naive,2026-09-23_05-57-59.log,,131,,,20,21,0.341667
20,Naive,2026-09-23_05-57-59.log,,131,,,39,40,0.347222
20,Naive,2026-09-23_05-57-59.log,,131,,,259,260,0.361111
21,PSO,2026-09-23_06-06-01.log,1664576,2,500.0,500.0,0,1,0.155556
21,PSO,2026-09-23_06-06-01.log,1664576,2,500.0,500.0,0,2,0.213889
21,PSO,2026-09-23_06-06-01.log,1664576,2,500.0,500.0,0,3,0.238889
21,PSO,2026-09-23_06-06-01.log,1664576,2,500.0,500.0,0,9,0.311111
21,PSO,2026-09-23_06-06-01.log,1664576,2,500.0,500.0,2,44,0.316667
21,PSO,2026-09-23_06-06-01.log,1664576,2,500.0,500.0,3,74,0.319444
21,PSO,2026-09-23_06-06-01.log,1664576,2,500.0,500.0,3,77,0.327778
21,PSO,2026-09-23_06-06-01.log,1664576,2,500.0,500.0,4,86,0.333333
21,PSO,2026-09-23_06-06-01.log,1664576,2,500.0,500.0,4,89,0.341667
21,PSO,2026-09-23_06-06-01.log,1664576,2,500.0,500.0,7,151,0.358333
21,Naive,2026-09-23_06-15-18.log,,210,,,0,1,0.155556
21,Naive,2026-09-23_06-15-18.log,,210,,,1,2,0.213889
21,Naive,2026-09-23_06-15-18.log,,210,,,2,3,0.238889
21,Naive,2026-09-23_06-15-18.log,,210,,,8,9,0.311111
21,Naive,2026-09-23_06-15-18.log,,210,,,133,134,0.341667
21,Naive,2026-09-23_06-15-18.log,,210,,,321,322,0.344444
22,PSO,2026-09-23_06-23-19.log,40063030,2,500.0,500.0,0,1,0.075
22,PSO,2026-09-23_06-23-19.log,40063030,2,500.0,500.0,0,2,0.194444
22,PSO,2026-09-23_06-23-19.log,40063030,2,500.0,500.0,0,4,0.205556
22,PSO,2026-09-23_06-23-19.log,40063030,2,500.0,500.0,0,9,0.213889
22,PSO,2026-09-23_06-23-19.log,40063030,2,500.0,500.0,0,11,0.247222
22,PSO,2026-09-23_06-23-19.log,40063030,2,500.0,500.0,0,17,0.363889
22,PSO,2026-09-23_06-23-19.log,40063030,2,500.0,500.0,1,36,0.366667
22,PSO,2026-09-23_06-23-19.log,40063030,2,500.0,500.0,5,101,0.383333
22,Naive,2026-09-23_06-32-39.log,,218,,,0,1,0.075
22,Naive,2026-09-23_06-32-39.log,,218,,,1,2,0.194444
22,Naive,2026-09-23_06-32-39.log,,218,,,3,4,0.205556
22,Naive,2026-09-23_06-32-39.log,,218,,,8,9,0.213889
22,Naive,2026-09-23_06-32-39.log,,218,,,10,11,0.247222
22,Naive,2026-09-23_06-32-39.log,,218,,,16,17,0.363889
23,PSO,2026-09-23_06-40-43.log,38032146,2,500.0,500.0,0,1,0.15
23,PSO,2026-09-23_06-40-43.log,38032146,2,500.0,500.0,0,2,0.177778
23,PSO,2026-09-23_06-40-43.log,38032146,2,500.0,500.0,0,3,0.202778
23,PSO,2026-09-23_06-40-43.log,38032146,2,500.0,500.0,0,5,0.208333
23,PSO,2026-09-23_06-40-43.log,38032146,2,500.0,500.0,0,15,0.313889
23,PSO,2026-09-23_06-40-43.log,38032146,2,500.0,500.0,9,197,0.319444
23,PSO,2026-09-23_06-40-43.log,38032146,2,500.0,500.0,9,200,0.327778
23,PSO,2026-09-23_06-40-43.log,38032146,2,500.0,500.0,10,215,0.330556
23,PSO,2026-09-23_06-40-43.log,38032146,2,500.0,500.0,18,371,0.333333
23,Naive,2026-09-23_06-49-50.log,,101,,,0,1,0.15
23,Naive,2026-09-23_06-49-50.log,,101,,,1,2,0.177778
23,Naive,2026-09-23_06-49-50.log,,101,,,2,3,0.202778
23,Naive,2026-09-23_06-49-50.log,,101,,,4,5,0.208333
23,Naive,2026-09-23_06-49-50.log,,101,,,14,15,0.313889
24,PSO,2026-09-23_06-57-29.log,74485470,2,500.0,500.0,0,1,0.2
24,PSO,2026-09-23_06-57-29.log,74485470,2,500.0,500.0,0,2,0.233333
24,PSO,2026-09-23_06-57-29.log,74485470,2,500.0,500.0,0,3,0.252778
24,PSO,2026-09-23_06-57-29.log,74485470,2,500.0,500.0,0,10,0.3
24,PSO,2026-09-23_06-57-29.log,74485470,2,500.0,500.0,0,19,0.302778
24,PSO,2026-09-23_06-57-29.log,74485470,2,500.0,500.0,1,22,0.308333
24,PSO,2026-09-23_06-57-29.log,74485470,2,500.0,500.0,2,50,0.316667
24,PSO,2026-09-23_06-57-29.log,74485470,2,500.0,500.0,2,52,0.330556
24,PSO,2026-09-23_06-57-29.log,74485470,2,500.0,500.0,2,53,0.355556
24,PSO,2026-09-23_06-57-29.log,74485470,2,500.0,500.0,4,81,0.358333
24,PSO,2026-09-23_06-57-29.log,74485470,2,500.0,500.0,4,92,0.363889
24,PSO,2026-09-23_06-57-29.log,74485470,2,500.0,500.0,4,96,0.366667
24,PSO,2026-09-23_06-57-29.log,74485470,2,500.0,500.0,8,167,0.383333
24,PSO,2026-09-23_06-57-29.log,74485470,2,500.0,500.0,20,416,0.386111
24,Naive,2026-09-23_07-06-59.log,,166,,,0,1,0.2
24,Naive,2026-09-23_07-06-59.log,,166,,,1,2,0.233333
24,Naive,2026-09-23_07-06-59.log,,166,,,2,3,0.252778
24,Naive,2026-09-23_07-06-59.log,,166,,,9,10,0.3
24,Naive,2026-09-23_07-06-59.log,,166,,,18,19,0.302778
24,Naive,2026-09-23_07-06-59.log,,166,,,31,32,0.308333
24,Naive,2026-09-23_07-06-59.log,,166,,,34,35,0.319444
24,Naive,2026-09-23_07-06-59.log,,166,,,53,54,0.322222
24,Naive,2026-09-23_07-06-59.log,,166,,,79,80,0.330556
24,Naive,2026-09-23_07-06-59.log,,166,,,101,102,0.336111
24,Naive,2026-09-23_07-06-59.log,,166,,,108,109,0.338889
24,Naive,2026-09-23_07-06-59.log,,166,,,122,123,0.355556
25,PSO,2026-09-23_07-15-18.log,525339,3,500.0,500.0,0,1,0.25
25,PSO,2026-09-23_07-15-18.log,525339,3,500.0,500.0,0,2,0.411111
25,PSO,2026-09-23_07-15-18.log,525339,3,500.0,500.0,0,4,0.413889
25,PSO,2026-09-23_07-15-18.log,525339,3,500.0,500.0,0,8,0.422222
25,PSO,2026-09-23_07-15-18.log,525339,3,500.0,500.0,0,9,0.475
25,PSO,2026-09-23_07-15-18.log,525339,3,500.0,500.0,0,20,0.536111
25,PSO,2026-09-23_07-15-18.log,525339,3,500.0,500.0,4,83,0.558333
25,PSO,2026-09-23_07-15-18.log,525339,3,500.0,500.0,6,138,0.561111
25,PSO,2026-09-23_07-15-18.log,525339,3,500.0,500.0,10,218,0.563889
25,PSO,2026-09-23_07-15-18.log,525339,3,500.0,500.0,14,284,0.569444
25,PSO,2026-09-23_07-15-18.log,525339,3,500.0,500.0,16,334,0.575
25,Naive,2026-09-23_07-25-56.log,,136,,,0,1,0.25
25,Naive,2026-09-23_07-25-56.log,,136,,,1,2,0.411111
25,Naive,2026-09-23_07-25-56.log,,136,,,3,4,0.413889
25,Naive,2026-09-23_07-25-56.log,,136,,,7,8,0.422222
25,Naive,2026-09-23_07-25-56.log,,136,,,8,9,0.475
25,Naive,2026-09-23_07-25-56.log,,136,,,19,20,0.536111
25,Naive,2026-09-23_07-25-56.log,,136,,,134,135,0.547222
26,PSO,2026-09-23_07-35-16.log,864365,3,500.0,500.0,0,1,0.452778
26,PSO,2026-09-23_07-35-16.log,864365,3,500.0,500.0,0,2,0.5
26,PSO,2026-09-23_07-35-16.log,864365,3,500.0,500.0,1,28,0.502778
26,PSO,2026-09-23_07-35-16.log,864365,3,500.0,500.0,1,35,0.522222
26,PSO,2026-09-23_07-35-16.log,864365,3,500.0,500.0,2,43,0.558333
26,PSO,2026-09-23_07-35-16.log,864365,3,500.0,500.0,6,138,0.561111
26,PSO,2026-09-23_07-35-16.log,864365,3,500.0,500.0,7,155,0.563889
26,PSO,2026-09-23_07-35-16.log,864365,3,500.0,500.0,12,259,0.569444
26,PSO,2026-09-23_07-35-16.log,864365,3,500.0,500.0,14,284,0.577778
26,Naive,2026-09-23_07-46-15.log,,266,,,0,1,0.452778
26,Naive,2026-09-23_07-46-15.log,,266,,,1,2,0.5
26,Naive,2026-09-23_07-46-15.log,,266,,,30,31,0.522222
26,Naive,2026-09-23_07-46-15.log,,266,,,50,51,0.541667
27,PSO,2026-09-23_07-55-39.log,67358,3,500.0,500.0,0,1,0.413889
27,PSO,2026-09-23_07-55-39.log,67358,3,500.0,500.0,0,4,0.419444
27,PSO,2026-09-23_07-55-39.log,67358,3,500.0,500.0,0,6,0.422222
27,PSO,2026-09-23_07-55-39.log,67358,3,500.0,500.0,0,9,0.508333
27,PSO,2026-09-23_07-55-39.log,67358,3,500.0,500.0,1,32,0.513889
27,PSO,2026-09-23_07-55-39.log,67358,3,500.0,500.0,2,42,0.536111
27,PSO,2026-09-23_07-55-39.log,67358,3,500.0,500.0,4,81,0.602778
27,PSO,2026-09-23_07-55-39.log,67358,3,500.0,500.0,6,123,0.608333
27,PSO,2026-09-23_07-55-39.log,67358,3,500.0,500.0,13,264,0.616667
27,Naive,2026-09-23_08-06-47.log,,212,,,0,1,0.413889
27,Naive,2026-09-23_08-06-47.log,,212,,,3,4,0.419444
27,Naive,2026-09-23_08-06-47.log,,212,,,5,6,0.422222
27,Naive,2026-09-23_08-06-47.log,,212,,,8,9,0.508333
27,Naive,2026-09-23_08-06-47.log,,212,,,66,67,0.525
27,Naive,2026-09-23_08-06-47.log,,212,,,83,84,0.55
27,Naive,2026-09-23_08-06-47.log,,212,,,169,170,0.569444
27,Naive,2026-09-23_08-06-47.log,,212,,,184,185,0.575
27,Naive,2026-09-23_08-06-47.log,,212,,,314,315,0.583333
28,PSO,2026-09-23_08-16-16.log,747263,3,500.0,500.0,0,1,0.288889
28,PSO,2026-09-23_08-16-16.log,747263,3,500.0,500.0,0,2,0.327778
28,PSO,2026-09-23_08-16-16.log,747263,3,500.0,500.0,0,3,0.516667
28,PSO,2026-09-23_08-16-16.log,747263,3,500.0,500.0,0,20,0.522222
28,PSO,2026-09-23_08-16-16.log,747263,3,500.0,500.0,3,76,0.525
28,PSO,2026-09-23_08-16-16.log,747263,3,500.0,500.0,5,101,0.533333
28,PSO,2026-09-23_08-16-16.log,747263,3,500.0,500.0,5,105,0.55
28,PSO,2026-09-23_08-16-16.log,747263,3,500.0,500.0,7,142,0.561111
28,PSO,2026-09-23_08-16-16.log,747263,3,500.0,500.0,7,146,0.566667
28,PSO,2026-09-23_08-16-16.log,747263,3,500.0,500.0,11,225,0.583333
28,PSO,2026-09-23_08-16-16.log,747263,3,500.0,500.0,13,268,0.588889
28,PSO,2026-09-23_08-16-16.log,747263,3,500.0,500.0,15,305,0.6
28,Naive,2026-09-23_08-27-12.log,,102,,,0,1,0.288889
28,Naive,2026-09-23_08-27-12.log,,102,,,1,2,0.327778
28,Naive,2026-09-23_08-27-12.log,,102,,,2,3,0.516667
28,Naive,2026-09-23_08-27-12.log,,102,,,19,20,0.522222
28,Naive,2026-09-23_08-27-12.log,,102,,,37,38,0.538889
28,Naive,2026-09-23_08-27-12.log,,102,,,209,210,0.555556
29,PSO,2026-09-23_08-36-31.log,677807,3,500.0,500.0,0,1,0.422222
29,PSO,2026-09-23_08-36-31.log,677807,3,500.0,500.0,0,2,0.458333
29,PSO,2026-09-23_08-36-31.log,677807,3,500.0,500.0,0,5,0.544444
29,PSO,2026-09-23_08-36-31.log,677807,3,500.0,500.0,4,100,0.55
29,PSO,2026-09-23_08-36-31.log,677807,3,500.0,500.0,5,101,0.566667
29,PSO,2026-09-23_08-36-31.log,677807,3,500.0,500.0,6,121,0.580556
29,PSO,2026-09-23_08-36-31.log,677807,3,500.0,500.0,9,183,0.588889
29,PSO,2026-09-23_08-36-31.log,677807,3,500.0,500.0,9,185,0.591667
29,PSO,2026-09-23_08-36-31.log,677807,3,500.0,500.0,9,191,0.594444
29,PSO,2026-09-23_08-36-31.log,677807,3,500.0,500.0,10,203,0.611111
29,PSO,2026-09-23_08-36-31.log,677807,3,500.0,500.0,10,205,0.622222
29,PSO,2026-09-23_08-36-31.log,677807,3,500.0,500.0,16,328,0.625
29,PSO,2026-09-23_08-36-31.log,677807,3,500.0,500.0,16,338,0.636111
29,PSO,2026-09-23_08-36-31.log,677807,3,500.0,500.0,20,418,0.638889
29,Naive,2026-09-23_08-47-25.log,,174,,,0,1,0.422222
29,Naive,2026-09-23_08-47-25.log,,174,,,1,2,0.458333
29,Naive,2026-09-23_08-47-25.log,,174,,,4,5,0.544444
29,Naive,2026-09-23_08-47-25.log,,174,,,32,33,0.583333
29,Naive,2026-09-23_08-47-25.log,,174,,,41,42,0.608333
30,PSO,2026-09-23_08-57-07.log,806219,3,500.0,500.0,0,1,0.3
30,PSO,2026-09-23_08-57-07.log,806219,3,500.0,500.0,0,2,0.388889
30,PSO,2026-09-23_08-57-07.log,806219,3,500.0,500.0,0,3,0.430556
30,PSO,2026-09-23_08-57-07.log,806219,3,500.0,500.0,0,5,0.530556
30,PSO,2026-09-23_08-57-07.log,806219,3,500.0,500.0,0,19,0.577778
30,PSO,2026-09-23_08-57-07.log,806219,3,500.0,500.0,8,176,0.586111
30,PSO,2026-09-23_08-57-07.log,806219,3,500.0,500.0,13,269,0.588889
30,Naive,2026-09-23_09-08-17.log,,167,,,0,1,0.3
30,Naive,2026-09-23_09-08-17.log,,167,,,1,2,0.388889
30,Naive,2026-09-23_09-08-17.log,,167,,,2,3,0.430556
30,Naive,2026-09-23_09-08-17.log,,167,,,4,5,0.530556
30,Naive,2026-09-23_09-08-17.log,,167,,,18,19,0.577778
31,PSO,2026-09-23_09-17-37.log,76126870,3,500.0,500.0,0,1,0.544444
31,PSO,2026-09-23_09-17-37.log,76126870,3,500.0,500.0,4,85,0.588889
31,PSO,2026-09-23_09-17-37.log,76126870,3,500.0,500.0,6,122,0.597222
31,PSO,2026-09-23_09-17-37.log,76126870,3,500.0,500.0,8,171,0.608333
31,PSO,2026-09-23_09-17-37.log,76126870,3,500.0,500.0,15,307,0.616667
31,PSO,2026-09-23_09-17-37.log,76126870,3,500.0,500.0,16,322,0.627778
31,PSO,2026-09-23_09-17-37.log,76126870,3,500.0,500.0,17,345,0.647222
31,Naive,2026-09-23_09-29-11.log,,101,,,0,1,0.544444
31,Naive,2026-09-23_09-29-11.log,,101,,,110,111,0.558333
31,Naive,2026-09-23_09-29-11.log,,101,,,178,179,0.591667
32,PSO,2026-09-23_09-38-22.log,74509218,3,500.0,500.0,0,1,0.494444
32,PSO,2026-09-23_09-38-22.log,74509218,3,500.0,500.0,1,23,0.505556
32,PSO,2026-09-23_09-38-22.log,74509218,3,500.0,500.0,1,36,0.527778
32,PSO,2026-09-23_09-38-22.log,74509218,3,500.0,500.0,2,50,0.547222
32,PSO,2026-09-23_09-38-22.log,74509218,3,500.0,500.0,2,56,0.561111
32,PSO,2026-09-23_09-38-22.log,74509218,3,500.0,500.0,3,63,0.569444
32,PSO,2026-09-23_09-38-22.log,74509218,3,500.0,500.0,4,96,0.580556
32,PSO,2026-09-23_09-38-22.log,74509218,3,500.0,500.0,4,99,0.613889
32,PSO,2026-09-23_09-38-22.log,74509218,3,500.0,500.0,9,191,0.622222
32,PSO,2026-09-23_09-38-22.log,74509218,3,500.0,500.0,10,201,0.625
32,PSO,2026-09-23_09-38-22.log,74509218,3,500.0,500.0,11,229,0.633333
32,PSO,2026-09-23_09-38-22.log,74509218,3,500.0,500.0,12,249,0.655556
32,PSO,2026-09-23_09-38-22.log,74509218,3,500.0,500.0,13,262,0.669444
32,PSO,2026-09-23_09-38-22.log,74509218,3,500.0,500.0,13,269,0.672222
32,PSO,2026-09-23_09-38-22.log,74509218,3,500.0,500.0,17,346,0.680556
32,Naive,2026-09-23_09-49-30.log,,227,,,0,1,0.494444
32,Naive,2026-09-23_09-49-30.log,,227,,,23,24,0.544444
32,Naive,2026-09-23_09-49-30.log,,227,,,68,69,0.563889
32,Naive,2026-09-23_09-49-30.log,,227,,,105,106,0.566667
32,Naive,2026-09-23_09-49-30.log,,227,,,220,221,0.580556
32,Naive,2026-09-23_09-49-30.log,,227,,,392,393,0.586111
33,PSO,2026-09-23_09-58-49.log,1664576,3,500.0,500.0,0,1,0.525
33,PSO,2026-09-23_09-58-49.log,1664576,3,500.0,500.0,3,63,0.536111
33,PSO,2026-09-23_09-58-49.log,1664576,3,500.0,500.0,4,83,0.566667
33,PSO,2026-09-23_09-58-49.log,1664576,3,500.0,500.0,4,90,0.569444
33,PSO,2026-09-23_09-58-49.log,1664576,3,500.0,500.0,5,109,0.572222
33,PSO,2026-09-23_09-58-49.log,1664576,3,500.0,500.0,9,193,0.577778
33,PSO,2026-09-23_09-58-49.log,1664576,3,500.0,500.0,10,203,0.594444
33,PSO,2026-09-23_09-58-49.log,1664576,3,500.0,500.0,11,226,0.6
33,PSO,2026-09-23_09-58-49.log,1664576,3,500.0,500.0,13,262,0.611111
33,PSO,2026-09-23_09-58-49.log,1664576,3,500.0,500.0,18,375,0.625
33,PSO,2026-09-23_09-58-49.log,1664576,3,500.0,500.0,20,401,0.633333
33,Naive,2026-09-23_10-09-55.log,,227,,,0,1,0.525
33,Naive,2026-09-23_10-09-55.log,,227,,,72,73,0.527778
33,Naive,2026-09-23_10-09-55.log,,227,,,95,96,0.552778
33,Naive,2026-09-23_10-09-55.log,,227,,,249,250,0.569444
33,Naive,2026-09-23_10-09-55.log,,227,,,277,278,0.575
34,PSO,2026-09-23_10-19-05.log,40063030,3,500.0,500.0,0,1,0.283333
34,PSO,2026-09-23_10-19-05.log,40063030,3,500.0,500.0,0,2,0.486111
34,PSO,2026-09-23_10-19-05.log,40063030,3,500.0,500.0,0,6,0.5
34,PSO,2026-09-23_10-19-05.log,40063030,3,500.0,500.0,0,20,0.519444
34,PSO,2026-09-23_10-19-05.log,40063030,3,500.0,500.0,1,30,0.522222
34,PSO,2026-09-23_10-19-05.log,40063030,3,500.0,500.0,2,49,0.555556
34,PSO,2026-09-23_10-19-05.log,40063030,3,500.0,500.0,2,52,0.569444
34,PSO,2026-09-23_10-19-05.log,40063030,3,500.0,500.0,5,109,0.575
34,PSO,2026-09-23_10-19-05.log,40063030,3,500.0,500.0,5,110,0.583333
34,PSO,2026-09-23_10-19-05.log,40063030,3,500.0,500.0,6,134,0.605556
34,PSO,2026-09-23_10-19-05.log,40063030,3,500.0,500.0,7,154,0.619444
34,PSO,2026-09-23_10-19-05.log,40063030,3,500.0,500.0,11,224,0.625
34,PSO,2026-09-23_10-19-05.log,40063030,3,500.0,500.0,13,267,0.627778
34,PSO,2026-09-23_10-19-05.log,40063030,3,500.0,500.0,13,279,0.633333
34,PSO,2026-09-23_10-19-05.log,40063030,3,500.0,500.0,15,307,0.636111
34,Naive,2026-09-23_10-29-59.log,,176,,,0,1,0.283333
34,Naive,2026-09-23_10-29-59.log,,176,,,1,2,0.486111
34,Naive,2026-09-23_10-29-59.log,,176,,,5,6,0.5
34,Naive,2026-09-23_10-29-59.log,,176,,,19,20,0.519444
34,Naive,2026-09-23_10-29-59.log,,176,,,42,43,0.55
34,Naive,2026-09-23_10-29-59.log,,176,,,131,132,0.566667
34,Naive,2026-09-23_10-29-59.log,,176,,,378,379,0.580556
35,PSO,2026-09-23_10-39-17.log,38032146,3,500.0,500.0,0,1,0.266667
35,PSO,2026-09-23_10-39-17.log,38032146,3,500.0,500.0,0,2,0.336111
35,PSO,2026-09-23_10-39-17.log,38032146,3,500.0,500.0,0,3,0.377778
35,PSO,2026-09-23_10-39-17.log,38032146,3,500.0,500.0,0,13,0.455556
35,PSO,2026-09-23_10-39-17.log,38032146,3,500.0,500.0,0,20,0.466667
35,PSO,2026-09-23_10-39-17.log,38032146,3,500.0,500.0,1,33,0.477778
35,PSO,2026-09-23_10-39-17.log,38032146,3,500.0,500.0,3,66,0.494444
35,PSO,2026-09-23_10-39-17.log,38032146,3,500.0,500.0,4,99,0.522222
35,PSO,2026-09-23_10-39-17.log,38032146,3,500.0,500.0,5,106,0.525
35,PSO,2026-09-23_10-39-17.log,38032146,3,500.0,500.0,5,111,0.538889
35,PSO,2026-09-23_10-39-17.log,38032146,3,500.0,500.0,5,114,0.555556
35,PSO,2026-09-23_10-39-17.log,38032146,3,500.0,500.0,6,127,0.580556
35,PSO,2026-09-23_10-39-17.log,38032146,3,500.0,500.0,10,207,0.583333
35,PSO,2026-09-23_10-39-17.log,38032146,3,500.0,500.0,12,242,0.586111
35,PSO,2026-09-23_10-39-17.log,38032146,3,500.0,500.0,13,275,0.588889
35,PSO,2026-09-23_10-39-17.log,38032146,3,500.0,500.0,14,286,0.591667
35,PSO,2026-09-23_10-39-17.log,38032146,3,500.0,500.0,17,358,0.6
35,Naive,2026-09-23_10-49-46.log,,144,,,0,1,0.266667
35,Naive,2026-09-23_10-49-46.log,,144,,,1,2,0.336111
35,Naive,2026-09-23_10-49-46.log,,144,,,2,3,0.377778
35,Naive,2026-09-23_10-49-46.log,,144,,,12,13,0.455556
35,Naive,2026-09-23_10-49-46.log,,144,,,19,20,0.466667
35,Naive,2026-09-23_10-49-46.log,,144,,,25,26,0.519444
35,Naive,2026-09-23_10-49-46.log,,144,,,72,73,0.522222
35,Naive,2026-09-23_10-49-46.log,,144,,,73,74,0.541667
35,Naive,2026-09-23_10-49-46.log,,144,,,88,89,0.566667
35,Naive,2026-09-23_10-49-46.log,,144,,,105,106,0.577778
35,Naive,2026-09-23_10-49-46.log,,144,,,233,234,0.580556
36,PSO,2026-09-23_10-58-45.log,74485470,3,500.0,500.0,0,1,0.491667
36,PSO,2026-09-23_10-58-45.log,74485470,3,500.0,500.0,0,6,0.525
36,PSO,2026-09-23_10-58-45.log,74485470,3,500.0,500.0,0,14,0.547222
36,PSO,2026-09-23_10-58-45.log,74485470,3,500.0,500.0,1,27,0.558333
36,PSO,2026-09-23_10-58-45.log,74485470,3,500.0,500.0,2,42,0.594444
36,PSO,2026-09-23_10-58-45.log,74485470,3,500.0,500.0,4,83,0.602778
36,PSO,2026-09-23_10-58-45.log,74485470,3,500.0,500.0,9,192,0.619444
36,PSO,2026-09-23_10-58-45.log,74485470,3,500.0,500.0,11,237,0.622222
36,PSO,2026-09-23_10-58-45.log,74485470,3,500.0,500.0,13,269,0.625
36,Naive,2026-09-23_11-10-12.log,,206,,,0,1,0.491667
36,Naive,2026-09-23_11-10-12.log,,206,,,5,6,0.525
36,Naive,2026-09-23_11-10-12.log,,206,,,13,14,0.547222
36,Naive,2026-09-23_11-10-12.log,,206,,,30,31,0.586111
36,Naive,2026-09-23_11-10-12.log,,206,,,92,93,0.588889
36,Naive,2026-09-23_11-10-12.log,,206,,,136,137,0.591667
36,Naive,2026-09-23_11-10-12.log,,206,,,156,157,0.6
36,Naive,2026-09-23_11-10-12.log,,206,,,208,209,0.608333
36,Naive,2026-09-23_11-10-12.log,,206,,,259,260,0.613889
37,PSO,2026-09-23_11-19-33.log,525339,3,500.0,500.0,0,1,0.183333
37,PSO,2026-09-23_11-19-33.log,525339,3,500.0,500.0,0,2,0.261111
37,PSO,2026-09-23_11-19-33.log,525339,3,500.0,500.0,0,3,0.308333
37,PSO,2026-09-23_11-19-33.log,525339,3,500.0,500.0,0,7,0.325
37,PSO,2026-09-23_11-19-33.log,525339,3,500.0,500.0,0,9,0.377778
37,PSO,2026-09-23_11-19-33.log,525339,3,500.0,500.0,1,39,0.380556
37,PSO,2026-09-23_11-19-33.log,525339,3,500.0,500.0,3,79,0.388889
37,PSO,2026-09-23_11-19-33.log,525339,3,500.0,500.0,7,148,0.394444
37,PSO,2026-09-23_11-19-33.log,525339,3,500.0,500.0,7,159,0.402778
37,PSO,2026-09-23_11-19-33.log,525339,3,500.0,500.0,9,194,0.408333
37,PSO,2026-09-23_11-19-33.log,525339,3,500.0,500.0,11,237,0.416667
37,PSO,2026-09-23_11-19-33.log,525339,3,500.0,500.0,13,269,0.419444
37,Naive,2026-09-23_11-29-28.log,,48,,,0,1,0.183333
37,Naive,2026-09-23_11-29-28.log,,48,,,1,2,0.261111
37,Naive,2026-09-23_11-29-28.log,,48,,,2,3,0.308333
37,Naive,2026-09-23_11-29-28.log,,48,,,6,7,0.325
37,Naive,2026-09-23_11-29-28.log,,48,,,8,9,0.377778
37,Naive,2026-09-23_11-29-28.log,,48,,,27,28,0.386111
38,PSO,2026-09-23_11-38-20.log,864365,3,500.0,500.0,0,1,0.308333
38,PSO,2026-09-23_11-38-20.log,864365,3,500.0,500.0,0,2,0.366667
38,PSO,2026-09-23_11-38-20.log,864365,3,500.0,500.0,0,13,0.422222
38,PSO,2026-09-23_11-38-20.log,864365,3,500.0,500.0,8,166,0.427778
38,PSO,2026-09-23_11-38-20.log,864365,3,500.0,500.0,10,210,0.447222
38,Naive,2026-09-23_11-48-08.log,,118,,,0,1,0.308333
38,Naive,2026-09-23_11-48-08.log,,118,,,1,2,0.366667
38,Naive,2026-09-23_11-48-08.log,,118,,,12,13,0.422222
38,Naive,2026-09-23_11-48-08.log,,118,,,145,146,0.433333
39,PSO,2026-09-23_11-56-54.log,67358,3,500.0,500.0,0,1,0.266667
39,PSO,2026-09-23_11-56-54.log,67358,3,500.0,500.0,0,4,0.311111
39,PSO,2026-09-23_11-56-54.log,67358,3,500.0,500.0,0,9,0.397222
39,PSO,2026-09-23_11-56-54.log,67358,3,500.0,500.0,1,27,0.427778
39,PSO,2026-09-23_11-56-54.log,67358,3,500.0,500.0,6,139,0.438889
39,PSO,2026-09-23_11-56-54.log,67358,3,500.0,500.0,7,148,0.461111
39,PSO,2026-09-23_11-56-54.log,67358,3,500.0,500.0,8,180,0.472222
39,PSO,2026-09-23_11-56-54.log,67358,3,500.0,500.0,11,223,0.488889
39,PSO,2026-09-23_11-56-54.log,67358,3,500.0,500.0,15,306,0.494444
39,PSO,2026-09-23_11-56-54.log,67358,3,500.0,500.0,17,341,0.502778
39,Naive,2026-09-23_12-07-13.log,,244,,,0,1,0.266667
39,Naive,2026-09-23_12-07-13.log,,244,,,3,4,0.311111
39,Naive,2026-09-23_12-07-13.log,,244,,,8,9,0.397222
39,Naive,2026-09-23_12-07-13.log,,244,,,83,84,0.411111
39,Naive,2026-09-23_12-07-13.log,,244,,,209,210,0.425
40,PSO,2026-09-23_12-16-08.log,747263,3,500.0,500.0,0,1,0.225
40,PSO,2026-09-23_12-16-08.log,747263,3,500.0,500.0,0,3,0.386111
40,PSO,2026-09-23_12-16-08.log,747263,3,500.0,500.0,0,14,0.388889
40,PSO,2026-09-23_12-16-08.log,747263,3,500.0,500.0,0,20,0.408333
40,PSO,2026-09-23_12-16-08.log,747263,3,500.0,500.0,4,86,0.419444
40,PSO,2026-09-23_12-16-08.log,747263,3,500.0,500.0,9,188,0.436111
40,PSO,2026-09-23_12-16-08.log,747263,3,500.0,500.0,11,223,0.444444
40,PSO,2026-09-23_12-16-08.log,747263,3,500.0,500.0,14,295,0.45
40,PSO,2026-09-23_12-16-08.log,747263,3,500.0,500.0,17,358,0.458333
40,Naive,2026-09-23_12-26-07.log,,141,,,0,1,0.225
40,Naive,2026-09-23_12-26-07.log,,141,,,2,3,0.386111
40,Naive,2026-09-23_12-26-07.log,,141,,,13,14,0.388889
40,Naive,2026-09-23_12-26-07.log,,141,,,19,20,0.408333
40,Naive,2026-09-23_12-26-07.log,,141,,,388,389,0.419444
41,PSO,2026-09-23_12-34-53.log,677807,3,500.0,500.0,0,1,0.294444
41,PSO,2026-09-23_12-34-53.log,677807,3,500.0,500.0,0,2,0.352778
41,PSO,2026-09-23_12-34-53.log,677807,3,500.0,500.0,0,5,0.408333
41,PSO,2026-09-23_12-34-53.log,677807,3,500.0,500.0,1,38,0.441667
41,PSO,2026-09-23_12-34-53.log,677807,3,500.0,500.0,3,61,0.444444
41,PSO,2026-09-23_12-34-53.log,677807,3,500.0,500.0,6,123,0.463889
41,Naive,2026-09-23_12-44-46.log,,122,,,0,1,0.294444
41,Naive,2026-09-23_12-44-46.log,,122,,,1,2,0.352778
41,Naive,2026-09-23_12-44-46.log,,122,,,4,5,0.408333
41,Naive,2026-09-23_12-44-46.log,,122,,,32,33,0.411111
41,Naive,2026-09-23_12-44-46.log,,122,,,34,35,0.416667
41,Naive,2026-09-23_12-44-46.log,,122,,,95,96,0.425
41,Naive,2026-09-23_12-44-46.log,,122,,,191,192,0.458333
41,Naive,2026-09-23_12-44-46.log,,122,,,269,270,0.466667
42,PSO,2026-09-23_12-53-43.log,806219,3,500.0,500.0,0,1,0.244444
42,PSO,2026-09-23_12-53-43.log,806219,3,500.0,500.0,0,2,0.302778
42,PSO,2026-09-23_12-53-43.log,806219,3,500.0,500.0,0,5,0.397222
42,PSO,2026-09-23_12-53-43.log,806219,3,500.0,500.0,6,126,0.416667
42,PSO,2026-09-23_12-53-43.log,806219,3,500.0,500.0,7,145,0.425
42,PSO,2026-09-23_12-53-43.log,806219,3,500.0,500.0,13,275,0.430556
42,PSO,2026-09-23_12-53-43.log,806219,3,500.0,500.0,16,340,0.436111
42,Naive,2026-09-23_13-03-49.log,,79,,,0,1,0.244444
42,Naive,2026-09-23_13-03-49.log,,79,,,1,2,0.302778
42,Naive,2026-09-23_13-03-49.log,,79,,,4,5,0.397222
42,Naive,2026-09-23_13-03-49.log,,79,,,325,326,0.408333
43,PSO,2026-09-23_13-12-34.log,76126870,3,500.0,500.0,0,1,0.358333
43,PSO,2026-09-23_13-12-34.log,76126870,3,500.0,500.0,0,15,0.363889
43,PSO,2026-09-23_13-12-34.log,76126870,3,500.0,500.0,0,20,0.413889
43,PSO,2026-09-23_13-12-34.log,76126870,3,500.0,500.0,1,25,0.416667
43,PSO,2026-09-23_13-12-34.log,76126870,3,500.0,500.0,2,47,0.45
43,PSO,2026-09-23_13-12-34.log,76126870,3,500.0,500.0,3,80,0.452778
43,PSO,2026-09-23_13-12-34.log,76126870,3,500.0,500.0,5,119,0.477778
43,PSO,2026-09-23_13-12-34.log,76126870,3,500.0,500.0,15,302,0.480556
43,Naive,2026-09-23_13-22-39.log,,75,,,0,1,0.358333
43,Naive,2026-09-23_13-22-39.log,,75,,,14,15,0.363889
43,Naive,2026-09-23_13-22-39.log,,75,,,19,20,0.413889
43,Naive,2026-09-23_13-22-39.log,,75,,,60,61,0.427778
43,Naive,2026-09-23_13-22-39.log,,75,,,167,168,0.433333
44,PSO,2026-09-23_13-31-19.log,74509218,3,500.0,500.0,0,1,0.361111
44,PSO,2026-09-23_13-31-19.log,74509218,3,500.0,500.0,0,2,0.377778
44,PSO,2026-09-23_13-31-19.log,74509218,3,500.0,500.0,0,5,0.4
44,PSO,2026-09-23_13-31-19.log,74509218,3,500.0,500.0,0,9,0.408333
44,PSO,2026-09-23_13-31-19.log,74509218,3,500.0,500.0,2,45,0.413889
44,PSO,2026-09-23_13-31-19.log,74509218,3,500.0,500.0,2,51,0.430556
44,PSO,2026-09-23_13-31-19.log,74509218,3,500.0,500.0,3,76,0.45
44,PSO,2026-09-23_13-31-19.log,74509218,3,500.0,500.0,5,104,0.455556
44,PSO,2026-09-23_13-31-19.log,74509218,3,500.0,500.0,7,148,0.469444
44,PSO,2026-09-23_13-31-19.log,74509218,3,500.0,500.0,8,168,0.497222
44,PSO,2026-09-23_13-31-19.log,74509218,3,500.0,500.0,15,313,0.505556
44,Naive,2026-09-23_13-41-28.log,,170,,,0,1,0.361111
44,Naive,2026-09-23_13-41-28.log,,170,,,1,2,0.377778
44,Naive,2026-09-23_13-41-28.log,,170,,,4,5,0.4
44,Naive,2026-09-23_13-41-28.log,,170,,,8,9,0.408333
44,Naive,2026-09-23_13-41-28.log,,170,,,23,24,0.438889
44,Naive,2026-09-23_13-41-28.log,,170,,,105,106,0.444444
44,Naive,2026-09-23_13-41-28.log,,170,,,290,291,0.458333
45,PSO,2026-09-23_13-50-24.log,1664576,3,500.0,500.0,0,1,0.325
45,PSO,2026-09-23_13-50-24.log,1664576,3,500.0,500.0,0,2,0.344444
45,PSO,2026-09-23_13-50-24.log,1664576,3,500.0,500.0,0,11,0.366667
45,PSO,2026-09-23_13-50-24.log,1664576,3,500.0,500.0,1,25,0.397222
45,PSO,2026-09-23_13-50-24.log,1664576,3,500.0,500.0,2,44,0.427778
45,PSO,2026-09-23_13-50-24.log,1664576,3,500.0,500.0,4,100,0.444444
45,PSO,2026-09-23_13-50-24.log,1664576,3,500.0,500.0,6,132,0.461111
45,PSO,2026-09-23_13-50-24.log,1664576,3,500.0,500.0,13,276,0.469444
45,PSO,2026-09-23_13-50-24.log,1664576,3,500.0,500.0,15,314,0.477778
45,Naive,2026-09-23_14-00-35.log,,89,,,0,1,0.325
45,Naive,2026-09-23_14-00-35.log,,89,,,1,2,0.344444
45,Naive,2026-09-23_14-00-35.log,,89,,,10,11,0.366667
45,Naive,2026-09-23_14-00-35.log,,89,,,21,22,0.416667
45,Naive,2026-09-23_14-00-35.log,,89,,,72,73,0.425
46,PSO,2026-09-23_14-09-22.log,40063030,3,500.0,500.0,0,1,0.225
46,PSO,2026-09-23_14-09-22.log,40063030,3,500.0,500.0,0,2,0.330556
46,PSO,2026-09-23_14-09-22.log,40063030,3,500.0,500.0,0,6,0.397222
46,PSO,2026-09-23_14-09-22.log,40063030,3,500.0,500.0,3,73,0.411111
46,PSO,2026-09-23_14-09-22.log,40063030,3,500.0,500.0,4,85,0.416667
46,PSO,2026-09-23_14-09-22.log,40063030,3,500.0,500.0,4,100,0.447222
46,PSO,2026-09-23_14-09-22.log,40063030,3,500.0,500.0,9,188,0.45
46,PSO,2026-09-23_14-09-22.log,40063030,3,500.0,500.0,10,217,0.455556
46,PSO,2026-09-23_14-09-22.log,40063030,3,500.0,500.0,10,220,0.461111
46,PSO,2026-09-23_14-09-22.log,40063030,3,500.0,500.0,11,230,0.480556
46,PSO,2026-09-23_14-09-22.log,40063030,3,500.0,500.0,15,319,0.491667
46,Naive,2026-09-23_14-19-34.log,,338,,,0,1,0.225
46,Naive,2026-09-23_14-19-34.log,,338,,,1,2,0.330556
46,Naive,2026-09-23_14-19-34.log,,338,,,5,6,0.397222
46,Naive,2026-09-23_14-19-34.log,,338,,,234,235,0.413889
46,Naive,2026-09-23_14-19-34.log,,338,,,261,262,0.427778
46,Naive,2026-09-23_14-19-34.log,,338,,,298,299,0.430556
46,Naive,2026-09-23_14-19-34.log,,338,,,303,304,0.436111
47,PSO,2026-09-23_14-28-25.log,38032146,3,500.0,500.0,0,1,0.222222
47,PSO,2026-09-23_14-28-25.log,38032146,3,500.0,500.0,0,2,0.25
47,PSO,2026-09-23_14-28-25.log,38032146,3,500.0,500.0,0,3,0.269444
47,PSO,2026-09-23_14-28-25.log,38032146,3,500.0,500.0,0,13,0.291667
47,PSO,2026-09-23_14-28-25.log,38032146,3,500.0,500.0,0,20,0.344444
47,PSO,2026-09-23_14-28-25.log,38032146,3,500.0,500.0,3,74,0.372222
47,PSO,2026-09-23_14-28-25.log,38032146,3,500.0,500.0,5,111,0.375
47,PSO,2026-09-23_14-28-25.log,38032146,3,500.0,500.0,5,112,0.380556
47,PSO,2026-09-23_14-28-25.log,38032146,3,500.0,500.0,6,127,0.405556
47,PSO,2026-09-23_14-28-25.log,38032146,3,500.0,500.0,7,151,0.425
47,PSO,2026-09-23_14-28-25.log,38032146,3,500.0,500.0,9,198,0.469444
47,PSO,2026-09-23_14-28-25.log,38032146,3,500.0,500.0,12,243,0.486111
47,PSO,2026-09-23_14-28-25.log,38032146,3,500.0,500.0,17,348,0.494444
47,Naive,2026-09-23_14-38-18.log,,195,,,0,1,0.222222
47,Naive,2026-09-23_14-38-18.log,,195,,,1,2,0.25
47,Naive,2026-09-23_14-38-18.log,,195,,,2,3,0.269444
47,Naive,2026-09-23_14-38-18.log,,195,,,12,13,0.291667
47,Naive,2026-09-23_14-38-18.log,,195,,,19,20,0.344444
47,Naive,2026-09-23_14-38-18.log,,195,,,25,26,0.397222
47,Naive,2026-09-23_14-38-18.log,,195,,,88,89,0.427778
48,PSO,2026-09-23_14-46-53.log,74485470,3,500.0,500.0,0,1,0.391667
48,PSO,2026-09-23_14-46-53.log,74485470,3,500.0,500.0,0,14,0.408333
48,PSO,2026-09-23_14-46-53.log,74485470,3,500.0,500.0,1,26,0.411111
48,PSO,2026-09-23_14-46-53.log,74485470,3,500.0,500.0,1,27,0.425
48,PSO,2026-09-23_14-46-53.log,74485470,3,500.0,500.0,2,54,0.430556
48,PSO,2026-09-23_14-46-53.log,74485470,3,500.0,500.0,4,89,0.436111
48,PSO,2026-09-23_14-46-53.log,74485470,3,500.0,500.0,7,142,0.441667
48,PSO,2026-09-23_14-46-53.log,74485470,3,500.0,500.0,8,162,0.458333
48,PSO,2026-09-23_14-46-53.log,74485470,3,500.0,500.0,9,182,0.475
48,PSO,2026-09-23_14-46-53.log,74485470,3,500.0,500.0,10,210,0.477778
48,PSO,2026-09-23_14-46-53.log,74485470,3,500.0,500.0,12,246,0.483333
48,PSO,2026-09-23_14-46-53.log,74485470,3,500.0,500.0,14,283,0.486111
48,PSO,2026-09-23_14-46-53.log,74485470,3,500.0,500.0,17,348,0.513889
48,Naive,2026-09-23_14-57-28.log,,280,,,0,1,0.391667
48,Naive,2026-09-23_14-57-28.log,,280,,,13,14,0.408333
48,Naive,2026-09-23_14-57-28.log,,280,,,30,31,0.472222
49,PSO,2026-09-23_15-06-31.log,525339,4,500.0,500.0,0,1,0.369444
49,PSO,2026-09-23_15-06-31.log,525339,4,500.0,500.0,0,2,0.411111
49,PSO,2026-09-23_15-06-31.log,525339,4,500.0,500.0,0,3,0.536111
49,PSO,2026-09-23_15-06-31.log,525339,4,500.0,500.0,0,5,0.591667
49,PSO,2026-09-23_15-06-31.log,525339,4,500.0,500.0,0,9,0.641667
49,PSO,2026-09-23_15-06-31.log,525339,4,500.0,500.0,18,376,0.644444
49,PSO,2026-09-23_15-06-31.log,525339,4,500.0,500.0,19,389,0.65
49,Naive,2026-09-23_15-18-39.log,,172,,,0,1,0.369444
49,Naive,2026-09-23_15-18-39.log,,172,,,1,2,0.411111
49,Naive,2026-09-23_15-18-39.log,,172,,,2,3,0.536111
49,Naive,2026-09-23_15-18-39.log,,172,,,4,5,0.591667
49,Naive,2026-09-23_15-18-39.log,,172,,,8,9,0.641667
50,PSO,2026-09-23_15-29-09.log,864365,4,500.0,500.0,0,1,0.572222
50,PSO,2026-09-23_15-29-09.log,864365,4,500.0,500.0,0,3,0.591667
50,PSO,2026-09-23_15-29-09.log,864365,4,500.0,500.0,0,14,0.630556
50,PSO,2026-09-23_15-29-09.log,864365,4,500.0,500.0,3,64,0.661111
50,PSO,2026-09-23_15-29-09.log,864365,4,500.0,500.0,7,158,0.669444
50,PSO,2026-09-23_15-29-09.log,864365,4,500.0,500.0,8,169,0.675
50,PSO,2026-09-23_15-29-09.log,864365,4,500.0,500.0,12,244,0.677778
50,PSO,2026-09-23_15-29-09.log,864365,4,500.0,500.0,13,273,0.688889
50,PSO,2026-09-23_15-29-09.log,864365,4,500.0,500.0,14,297,0.722222
50,Naive,2026-09-23_15-41-18.log,,117,,,0,1,0.572222
50,Naive,2026-09-23_15-41-18.log,,117,,,2,3,0.591667
50,Naive,2026-09-23_15-41-18.log,,117,,,13,14,0.630556
50,Naive,2026-09-23_15-41-18.log,,117,,,154,155,0.652778
51,PSO,2026-09-23_15-52-07.log,67358,4,500.0,500.0,0,1,0.444444
51,PSO,2026-09-23_15-52-07.log,67358,4,500.0,500.0,0,2,0.497222
51,PSO,2026-09-23_15-52-07.log,67358,4,500.0,500.0,0,4,0.519444
51,PSO,2026-09-23_15-52-07.log,67358,4,500.0,500.0,0,10,0.558333
51,PSO,2026-09-23_15-52-07.log,67358,4,500.0,500.0,0,13,0.638889
51,PSO,2026-09-23_15-52-07.log,67358,4,500.0,500.0,4,85,0.672222
51,PSO,2026-09-23_15-52-07.log,67358,4,500.0,500.0,6,123,0.697222
51,PSO,2026-09-23_15-52-07.log,67358,4,500.0,500.0,8,164,0.722222
51,Naive,2026-09-23_16-04-44.log,,38,,,0,1,0.444444
51,Naive,2026-09-23_16-04-44.log,,38,,,1,2,0.497222
51,Naive,2026-09-23_16-04-44.log,,38,,,3,4,0.519444
51,Naive,2026-09-23_16-04-44.log,,38,,,9,10,0.558333
51,Naive,2026-09-23_16-04-44.log,,38,,,12,13,0.638889
51,Naive,2026-09-23_16-04-44.log,,38,,,32,33,0.641667
51,Naive,2026-09-23_16-04-44.log,,38,,,157,158,0.680556
51,Naive,2026-09-23_16-04-44.log,,38,,,373,374,0.697222
52,PSO,2026-09-23_16-15-31.log,747263,4,500.0,500.0,0,1,0.497222
52,PSO,2026-09-23_16-15-31.log,747263,4,500.0,500.0,0,2,0.541667
52,PSO,2026-09-23_16-15-31.log,747263,4,500.0,500.0,0,5,0.552778
52,PSO,2026-09-23_16-15-31.log,747263,4,500.0,500.0,0,13,0.625
52,PSO,2026-09-23_16-15-31.log,747263,4,500.0,500.0,4,84,0.638889
52,PSO,2026-09-23_16-15-31.log,747263,4,500.0,500.0,8,163,0.641667
52,PSO,2026-09-23_16-15-31.log,747263,4,500.0,500.0,8,164,0.655556
52,Naive,2026-09-23_16-27-16.log,,371,,,0,1,0.497222
52,Naive,2026-09-23_16-27-16.log,,371,,,1,2,0.541667
52,Naive,2026-09-23_16-27-16.log,,371,,,4,5,0.552778
52,Naive,2026-09-23_16-27-16.log,,371,,,12,13,0.625
52,Naive,2026-09-23_16-27-16.log,,371,,,145,146,0.638889
52,Naive,2026-09-23_16-27-16.log,,371,,,194,195,0.647222
53,PSO,2026-09-23_16-37-52.log,677807,4,500.0,500.0,0,1,0.508333
53,PSO,2026-09-23_16-37-52.log,677807,4,500.0,500.0,0,3,0.541667
53,PSO,2026-09-23_16-37-52.log,677807,4,500.0,500.0,0,4,0.586111
53,PSO,2026-09-23_16-37-52.log,677807,4,500.0,500.0,4,82,0.597222
53,PSO,2026-09-23_16-37-52.log,677807,4,500.0,500.0,4,87,0.616667
53,PSO,2026-09-23_16-37-52.log,677807,4,500.0,500.0,4,91,0.691667
53,PSO,2026-09-23_16-37-52.log,677807,4,500.0,500.0,7,156,0.705556
53,PSO,2026-09-23_16-37-52.log,677807,4,500.0,500.0,8,163,0.75
53,PSO,2026-09-23_16-37-52.log,677807,4,500.0,500.0,10,208,0.763889
53,Naive,2026-09-23_16-50-19.log,,149,,,0,1,0.508333
53,Naive,2026-09-23_16-50-19.log,,149,,,2,3,0.541667
53,Naive,2026-09-23_16-50-19.log,,149,,,3,4,0.586111
53,Naive,2026-09-23_16-50-19.log,,149,,,37,38,0.661111
53,Naive,2026-09-23_16-50-19.log,,149,,,42,43,0.677778
53,Naive,2026-09-23_16-50-19.log,,149,,,85,86,0.702778
53,Naive,2026-09-23_16-50-19.log,,149,,,375,376,0.711111
54,PSO,2026-09-23_17-00-47.log,806219,4,500.0,500.0,0,1,0.358333
54,PSO,2026-09-23_17-00-47.log,806219,4,500.0,500.0,0,2,0.408333
54,PSO,2026-09-23_17-00-47.log,806219,4,500.0,500.0,0,3,0.566667
54,PSO,2026-09-23_17-00-47.log,806219,4,500.0,500.0,0,18,0.6
54,PSO,2026-09-23_17-00-47.log,806219,4,500.0,500.0,1,40,0.611111
54,PSO,2026-09-23_17-00-47.log,806219,4,500.0,500.0,5,118,0.616667
54,PSO,2026-09-23_17-00-47.log,806219,4,500.0,500.0,6,129,0.644444
54,PSO,2026-09-23_17-00-47.log,806219,4,500.0,500.0,7,149,0.647222
54,PSO,2026-09-23_17-00-47.log,806219,4,500.0,500.0,7,160,0.652778
54,PSO,2026-09-23_17-00-47.log,806219,4,500.0,500.0,8,177,0.658333
54,PSO,2026-09-23_17-00-47.log,806219,4,500.0,500.0,12,256,0.666667
54,PSO,2026-09-23_17-00-47.log,806219,4,500.0,500.0,14,284,0.688889
54,PSO,2026-09-23_17-00-47.log,806219,4,500.0,500.0,17,345,0.694444
54,Naive,2026-09-23_17-12-45.log,,204,,,0,1,0.358333
54,Naive,2026-09-23_17-12-45.log,,204,,,1,2,0.408333
54,Naive,2026-09-23_17-12-45.log,,204,,,2,3,0.566667
54,Naive,2026-09-23_17-12-45.log,,204,,,17,18,0.6
54,Naive,2026-09-23_17-12-45.log,,204,,,20,21,0.627778
54,Naive,2026-09-23_17-12-45.log,,204,,,29,30,0.655556
54,Naive,2026-09-23_17-12-45.log,,204,,,232,233,0.669444
55,PSO,2026-09-23_17-23-12.log,76126870,4,500.0,500.0,0,1,0.477778
55,PSO,2026-09-23_17-23-12.log,76126870,4,500.0,500.0,0,2,0.558333
55,PSO,2026-09-23_17-23-12.log,76126870,4,500.0,500.0,0,9,0.569444
55,PSO,2026-09-23_17-23-12.log,76126870,4,500.0,500.0,2,50,0.586111
55,PSO,2026-09-23_17-23-12.log,76126870,4,500.0,500.0,3,67,0.619444
55,PSO,2026-09-23_17-23-12.log,76126870,4,500.0,500.0,5,105,0.652778
55,PSO,2026-09-23_17-23-12.log,76126870,4,500.0,500.0,6,130,0.658333
55,PSO,2026-09-23_17-23-12.log,76126870,4,500.0,500.0,6,133,0.661111
55,PSO,2026-09-23_17-23-12.log,76126870,4,500.0,500.0,6,136,0.666667
55,PSO,2026-09-23_17-23-12.log,76126870,4,500.0,500.0,7,148,0.683333
55,PSO,2026-09-23_17-23-12.log,76126870,4,500.0,500.0,8,175,0.688889
55,PSO,2026-09-23_17-23-12.log,76126870,4,500.0,500.0,9,184,0.727778
55,PSO,2026-09-23_17-23-12.log,76126870,4,500.0,500.0,12,249,0.733333
55,PSO,2026-09-23_17-23-12.log,76126870,4,500.0,500.0,14,281,0.744444
55,PSO,2026-09-23_17-23-12.log,76126870,4,500.0,500.0,14,287,0.752778
55,PSO,2026-09-23_17-23-12.log,76126870,4,500.0,500.0,20,401,0.761111
55,Naive,2026-09-23_17-35-35.log,,118,,,0,1,0.477778
55,Naive,2026-09-23_17-35-35.log,,118,,,1,2,0.558333
55,Naive,2026-09-23_17-35-35.log,,118,,,8,9,0.569444
55,Naive,2026-09-23_17-35-35.log,,118,,,24,25,0.572222
55,Naive,2026-09-23_17-35-35.log,,118,,,29,30,0.591667
55,Naive,2026-09-23_17-35-35.log,,118,,,36,37,0.638889
55,Naive,2026-09-23_17-35-35.log,,118,,,224,225,0.675
55,Naive,2026-09-23_17-35-35.log,,118,,,375,376,0.711111
56,PSO,2026-09-23_17-46-08.log,74509218,4,500.0,500.0,0,1,0.497222
56,PSO,2026-09-23_17-46-08.log,74509218,4,500.0,500.0,0,3,0.669444
56,PSO,2026-09-23_17-46-08.log,74509218,4,500.0,500.0,4,87,0.672222
56,PSO,2026-09-23_17-46-08.log,74509218,4,500.0,500.0,4,97,0.697222
56,PSO,2026-09-23_17-46-08.log,74509218,4,500.0,500.0,7,153,0.722222
56,PSO,2026-09-23_17-46-08.log,74509218,4,500.0,500.0,10,217,0.736111
56,PSO,2026-09-23_17-46-08.log,74509218,4,500.0,500.0,18,362,0.738889
56,Naive,2026-09-23_17-58-06.log,,231,,,0,1,0.497222
56,Naive,2026-09-23_17-58-06.log,,231,,,2,3,0.669444
56,Naive,2026-09-23_17-58-06.log,,231,,,182,183,0.716667
57,PSO,2026-09-23_18-08-43.log,1664576,4,500.0,500.0,0,1,0.469444
57,PSO,2026-09-23_18-08-43.log,1664576,4,500.0,500.0,0,3,0.569444
57,PSO,2026-09-23_18-08-43.log,1664576,4,500.0,500.0,0,4,0.572222
57,PSO,2026-09-23_18-08-43.log,1664576,4,500.0,500.0,0,15,0.666667
57,PSO,2026-09-23_18-08-43.log,1664576,4,500.0,500.0,4,82,0.675
57,PSO,2026-09-23_18-08-43.log,1664576,4,500.0,500.0,5,115,0.680556
57,PSO,2026-09-23_18-08-43.log,1664576,4,500.0,500.0,10,211,0.694444
57,PSO,2026-09-23_18-08-43.log,1664576,4,500.0,500.0,13,277,0.702778
57,Naive,2026-09-23_18-21-15.log,,181,,,0,1,0.469444
57,Naive,2026-09-23_18-21-15.log,,181,,,2,3,0.569444
57,Naive,2026-09-23_18-21-15.log,,181,,,3,4,0.572222
57,Naive,2026-09-23_18-21-15.log,,181,,,14,15,0.666667
57,Naive,2026-09-23_18-21-15.log,,181,,,118,119,0.716667
58,PSO,2026-09-23_18-31-44.log,40063030,4,500.0,500.0,0,1,0.577778
58,PSO,2026-09-23_18-31-44.log,40063030,4,500.0,500.0,1,32,0.586111
58,PSO,2026-09-23_18-31-44.log,40063030,4,500.0,500.0,2,47,0.591667
58,PSO,2026-09-23_18-31-44.log,40063030,4,500.0,500.0,2,48,0.630556
58,PSO,2026-09-23_18-31-44.log,40063030,4,500.0,500.0,9,184,0.636111
58,PSO,2026-09-23_18-31-44.log,40063030,4,500.0,500.0,10,206,0.641667
58,PSO,2026-09-23_18-31-44.log,40063030,4,500.0,500.0,11,228,0.65
58,PSO,2026-09-23_18-31-44.log,40063030,4,500.0,500.0,16,337,0.663889
58,PSO,2026-09-23_18-31-44.log,40063030,4,500.0,500.0,19,386,0.680556
58,Naive,2026-09-23_18-43-01.log,,126,,,0,1,0.577778
58,Naive,2026-09-23_18-43-01.log,,126,,,21,22,0.636111
58,Naive,2026-09-23_18-43-01.log,,126,,,185,186,0.702778
58,Naive,2026-09-23_18-43-01.log,,126,,,351,352,0.713889
59,PSO,2026-09-23_18-53-28.log,38032146,4,500.0,500.0,0,1,0.294444
59,PSO,2026-09-23_18-53-28.log,38032146,4,500.0,500.0,0,2,0.427778
59,PSO,2026-09-23_18-53-28.log,38032146,4,500.0,500.0,0,3,0.477778
59,PSO,2026-09-23_18-53-28.log,38032146,4,500.0,500.0,0,5,0.544444
59,PSO,2026-09-23_18-53-28.log,38032146,4,500.0,500.0,0,19,0.561111
59,PSO,2026-09-23_18-53-28.log,38032146,4,500.0,500.0,1,36,0.636111
59,PSO,2026-09-23_18-53-28.log,38032146,4,500.0,500.0,3,70,0.638889
59,PSO,2026-09-23_18-53-28.log,38032146,4,500.0,500.0,3,71,0.65
59,PSO,2026-09-23_18-53-28.log,38032146,4,500.0,500.0,6,127,0.658333
59,PSO,2026-09-23_18-53-28.log,38032146,4,500.0,500.0,7,157,0.675
59,PSO,2026-09-23_18-53-28.log,38032146,4,500.0,500.0,8,167,0.691667
59,PSO,2026-09-23_18-53-28.log,38032146,4,500.0,500.0,8,174,0.730556
59,Naive,2026-09-23_19-05-36.log,,67,,,0,1,0.294444
59,Naive,2026-09-23_19-05-36.log,,67,,,1,2,0.427778
59,Naive,2026-09-23_19-05-36.log,,67,,,2,3,0.477778
59,Naive,2026-09-23_19-05-36.log,,67,,,4,5,0.544444
59,Naive,2026-09-23_19-05-36.log,,67,,,18,19,0.561111
59,Naive,2026-09-23_19-05-36.log,,67,,,28,29,0.563889
59,Naive,2026-09-23_19-05-36.log,,67,,,29,30,0.611111
59,Naive,2026-09-23_19-05-36.log,,67,,,53,54,0.661111
59,Naive,2026-09-23_19-05-36.log,,67,,,147,148,0.680556
60,PSO,2026-09-23_19-15-53.log,74485470,4,500.0,500.0,0,1,0.538889
60,PSO,2026-09-23_19-15-53.log,74485470,4,500.0,500.0,0,5,0.597222
60,PSO,2026-09-23_19-15-53.log,74485470,4,500.0,500.0,1,22,0.605556
60,PSO,2026-09-23_19-15-53.log,74485470,4,500.0,500.0,1,36,0.608333
60,PSO,2026-09-23_19-15-53.log,74485470,4,500.0,500.0,2,44,0.619444
60,PSO,2026-09-23_19-15-53.log,74485470,4,500.0,500.0,2,59,0.658333
60,PSO,2026-09-23_19-15-53.log,74485470,4,500.0,500.0,3,64,0.669444
60,PSO,2026-09-23_19-15-53.log,74485470,4,500.0,500.0,6,125,0.672222
60,PSO,2026-09-23_19-15-53.log,74485470,4,500.0,500.0,8,170,0.711111
60,Naive,2026-09-23_19-28-13.log,,94,,,0,1,0.538889
60,Naive,2026-09-23_19-28-13.log,,94,,,4,5,0.597222
60,Naive,2026-09-23_19-28-13.log,,94,,,22,23,0.652778
60,Naive,2026-09-23_19-28-13.log,,94,,,24,25,0.686111
61,PSO,2026-09-23_19-39-12.log,525339,4,500.0,500.0,0,1,0.333333
61,PSO,2026-09-23_19-39-12.log,525339,4,500.0,500.0,0,3,0.405556
61,PSO,2026-09-23_19-39-12.log,525339,4,500.0,500.0,0,5,0.422222
61,PSO,2026-09-23_19-39-12.log,525339,4,500.0,500.0,2,58,0.444444
61,PSO,2026-09-23_19-39-12.log,525339,4,500.0,500.0,4,99,0.486111
61,PSO,2026-09-23_19-39-12.log,525339,4,500.0,500.0,6,138,0.511111
61,PSO,2026-09-23_19-39-12.log,525339,4,500.0,500.0,13,271,0.522222
61,PSO,2026-09-23_19-39-12.log,525339,4,500.0,500.0,14,298,0.525
61,PSO,2026-09-23_19-39-12.log,525339,4,500.0,500.0,16,333,0.530556
61,PSO,2026-09-23_19-39-12.log,525339,4,500.0,500.0,19,391,0.533333
61,PSO,2026-09-23_19-39-12.log,525339,4,500.0,500.0,19,394,0.566667
61,Naive,2026-09-23_19-50-27.log,,77,,,0,1,0.333333
61,Naive,2026-09-23_19-50-27.log,,77,,,2,3,0.405556
61,Naive,2026-09-23_19-50-27.log,,77,,,4,5,0.422222
61,Naive,2026-09-23_19-50-27.log,,77,,,27,28,0.430556
61,Naive,2026-09-23_19-50-27.log,,77,,,58,59,0.441667
61,Naive,2026-09-23_19-50-27.log,,77,,,94,95,0.447222
61,Naive,2026-09-23_19-50-27.log,,77,,,97,98,0.472222
62,PSO,2026-09-23_20-00-19.log,864365,4,500.0,500.0,0,1,0.411111
62,PSO,2026-09-23_20-00-19.log,864365,4,500.0,500.0,0,6,0.419444
62,PSO,2026-09-23_20-00-19.log,864365,4,500.0,500.0,0,10,0.425
62,PSO,2026-09-23_20-00-19.log,864365,4,500.0,500.0,0,14,0.502778
62,PSO,2026-09-23_20-00-19.log,864365,4,500.0,500.0,7,144,0.511111
62,PSO,2026-09-23_20-00-19.log,864365,4,500.0,500.0,7,155,0.516667
62,PSO,2026-09-23_20-00-19.log,864365,4,500.0,500.0,12,258,0.519444
62,PSO,2026-09-23_20-00-19.log,864365,4,500.0,500.0,13,278,0.525
62,PSO,2026-09-23_20-00-19.log,864365,4,500.0,500.0,15,314,0.527778
62,PSO,2026-09-23_20-00-19.log,864365,4,500.0,500.0,16,337,0.533333
62,PSO,2026-09-23_20-00-19.log,864365,4,500.0,500.0,18,376,0.547222
62,Naive,2026-09-23_20-11-30.log,,172,,,0,1,0.411111
62,Naive,2026-09-23_20-11-30.log,,172,,,5,6,0.419444
62,Naive,2026-09-23_20-11-30.log,,172,,,9,10,0.425
62,Naive,2026-09-23_20-11-30.log,,172,,,13,14,0.502778
62,Naive,2026-09-23_20-11-30.log,,172,,,313,314,0.519444
63,PSO,2026-09-23_20-22-16.log,67358,4,500.0,500.0,0,1,0.358333
63,PSO,2026-09-23_20-22-16.log,67358,4,500.0,500.0,0,2,0.363889
63,PSO,2026-09-23_20-22-16.log,67358,4,500.0,500.0,0,4,0.458333
63,PSO,2026-09-23_20-22-16.log,67358,4,500.0,500.0,0,13,0.461111
63,PSO,2026-09-23_20-22-16.log,67358,4,500.0,500.0,2,45,0.463889
63,PSO,2026-09-23_20-22-16.log,67358,4,500.0,500.0,4,89,0.466667
63,PSO,2026-09-23_20-22-16.log,67358,4,500.0,500.0,5,102,0.483333
63,PSO,2026-09-23_20-22-16.log,67358,4,500.0,500.0,6,131,0.491667
63,PSO,2026-09-23_20-22-16.log,67358,4,500.0,500.0,8,167,0.494444
63,PSO,2026-09-23_20-22-16.log,67358,4,500.0,500.0,18,361,0.525
63,Naive,2026-09-23_20-34-11.log,,38,,,0,1,0.358333
63,Naive,2026-09-23_20-34-11.log,,38,,,1,2,0.363889
63,Naive,2026-09-23_20-34-11.log,,38,,,3,4,0.458333
63,Naive,2026-09-23_20-34-11.log,,38,,,12,13,0.461111
63,Naive,2026-09-23_20-34-11.log,,38,,,52,53,0.463889
63,Naive,2026-09-23_20-34-11.log,,38,,,56,57,0.469444
63,Naive,2026-09-23_20-34-11.log,,38,,,76,77,0.483333
63,Naive,2026-09-23_20-34-11.log,,38,,,98,99,0.5
63,Naive,2026-09-23_20-34-11.log,,38,,,157,158,0.505556
63,Naive,2026-09-23_20-34-11.log,,38,,,373,374,0.527778
64,PSO,2026-09-23_20-44-22.log,747263,4,500.0,500.0,0,1,0.408333
64,PSO,2026-09-23_20-44-22.log,747263,4,500.0,500.0,0,2,0.413889
64,PSO,2026-09-23_20-44-22.log,747263,4,500.0,500.0,0,5,0.425
64,PSO,2026-09-23_20-44-22.log,747263,4,500.0,500.0,0,6,0.458333
64,PSO,2026-09-23_20-44-22.log,747263,4,500.0,500.0,1,25,0.502778
64,PSO,2026-09-23_20-44-22.log,747263,4,500.0,500.0,3,79,0.508333
64,PSO,2026-09-23_20-44-22.log,747263,4,500.0,500.0,14,292,0.511111
64,Naive,2026-09-23_20-54-53.log,,371,,,0,1,0.408333
64,Naive,2026-09-23_20-54-53.log,,371,,,1,2,0.413889
64,Naive,2026-09-23_20-54-53.log,,371,,,4,5,0.425
64,Naive,2026-09-23_20-54-53.log,,371,,,5,6,0.458333
64,Naive,2026-09-23_20-54-53.log,,371,,,31,32,0.461111
64,Naive,2026-09-23_20-54-53.log,,371,,,106,107,0.477778
64,Naive,2026-09-23_20-54-53.log,,371,,,188,189,0.480556
64,Naive,2026-09-23_20-54-53.log,,371,,,194,195,0.511111
65,PSO,2026-09-23_21-04-50.log,677807,4,500.0,500.0,0,1,0.377778
65,PSO,2026-09-23_21-04-50.log,677807,4,500.0,500.0,0,3,0.45
65,PSO,2026-09-23_21-04-50.log,677807,4,500.0,500.0,0,12,0.455556
65,PSO,2026-09-23_21-04-50.log,677807,4,500.0,500.0,0,17,0.461111
65,PSO,2026-09-23_21-04-50.log,677807,4,500.0,500.0,1,23,0.469444
65,PSO,2026-09-23_21-04-50.log,677807,4,500.0,500.0,3,64,0.494444
65,PSO,2026-09-23_21-04-50.log,677807,4,500.0,500.0,5,103,0.533333
65,PSO,2026-09-23_21-04-50.log,677807,4,500.0,500.0,7,146,0.563889
65,Naive,2026-09-23_21-16-05.log,,243,,,0,1,0.377778
65,Naive,2026-09-23_21-16-05.log,,243,,,2,3,0.45
65,Naive,2026-09-23_21-16-05.log,,243,,,11,12,0.455556
65,Naive,2026-09-23_21-16-05.log,,243,,,16,17,0.461111
65,Naive,2026-09-23_21-16-05.log,,243,,,31,32,0.463889
65,Naive,2026-09-23_21-16-05.log,,243,,,42,43,0.497222
65,Naive,2026-09-23_21-16-05.log,,243,,,44,45,0.522222
65,Naive,2026-09-23_21-16-05.log,,243,,,85,86,0.536111
66,PSO,2026-09-23_21-26-03.log,806219,4,500.0,500.0,0,1,0.233333
66,PSO,2026-09-23_21-26-03.log,806219,4,500.0,500.0,0,2,0.311111
66,PSO,2026-09-23_21-26-03.log,806219,4,500.0,500.0,0,3,0.430556
66,PSO,2026-09-23_21-26-03.log,806219,4,500.0,500.0,0,18,0.433333
66,PSO,2026-09-23_21-26-03.log,806219,4,500.0,500.0,0,19,0.455556
66,PSO,2026-09-23_21-26-03.log,806219,4,500.0,500.0,11,232,0.461111
66,PSO,2026-09-23_21-26-03.log,806219,4,500.0,500.0,12,259,0.466667
66,PSO,2026-09-23_21-26-03.log,806219,4,500.0,500.0,14,284,0.469444
66,PSO,2026-09-23_21-26-03.log,806219,4,500.0,500.0,15,315,0.472222
66,PSO,2026-09-23_21-26-03.log,806219,4,500.0,500.0,17,352,0.477778
66,Naive,2026-09-23_21-36-09.log,,225,,,0,1,0.233333
66,Naive,2026-09-23_21-36-09.log,,225,,,1,2,0.311111
66,Naive,2026-09-23_21-36-09.log,,225,,,2,3,0.430556
66,Naive,2026-09-23_21-36-09.log,,225,,,17,18,0.433333
66,Naive,2026-09-23_21-36-09.log,,225,,,18,19,0.455556
66,Naive,2026-09-23_21-36-09.log,,225,,,29,30,0.475
66,Naive,2026-09-23_21-36-09.log,,225,,,48,49,0.505556
67,PSO,2026-09-23_21-46-13.log,76126870,4,500.0,500.0,0,1,0.377778
67,PSO,2026-09-23_21-46-13.log,76126870,4,500.0,500.0,0,2,0.427778
67,PSO,2026-09-23_21-46-13.log,76126870,4,500.0,500.0,0,11,0.45
67,PSO,2026-09-23_21-46-13.log,76126870,4,500.0,500.0,0,20,0.486111
67,PSO,2026-09-23_21-46-13.log,76126870,4,500.0,500.0,10,203,0.488889
67,PSO,2026-09-23_21-46-13.log,76126870,4,500.0,500.0,12,246,0.494444
67,PSO,2026-09-23_21-46-13.log,76126870,4,500.0,500.0,12,260,0.497222
67,PSO,2026-09-23_21-46-13.log,76126870,4,500.0,500.0,13,280,0.502778
67,PSO,2026-09-23_21-46-13.log,76126870,4,500.0,500.0,15,310,0.505556
67,PSO,2026-09-23_21-46-13.log,76126870,4,500.0,500.0,15,320,0.525
67,PSO,2026-09-23_21-46-13.log,76126870,4,500.0,500.0,18,366,0.536111
67,Naive,2026-09-23_21-57-07.log,,118,,,0,1,0.377778
67,Naive,2026-09-23_21-57-07.log,,118,,,1,2,0.427778
67,Naive,2026-09-23_21-57-07.log,,118,,,10,11,0.45
67,Naive,2026-09-23_21-57-07.log,,118,,,19,20,0.486111
67,Naive,2026-09-23_21-57-07.log,,118,,,36,37,0.505556
67,Naive,2026-09-23_21-57-07.log,,118,,,372,373,0.511111
67,Naive,2026-09-23_21-57-07.log,,118,,,375,376,0.513889
68,PSO,2026-09-23_22-06-59.log,74509218,4,500.0,500.0,0,1,0.413889
68,PSO,2026-09-23_22-06-59.log,74509218,4,500.0,500.0,0,3,0.452778
68,PSO,2026-09-23_22-06-59.log,74509218,4,500.0,500.0,0,5,0.508333
68,PSO,2026-09-23_22-06-59.log,74509218,4,500.0,500.0,0,16,0.516667
68,PSO,2026-09-23_22-06-59.log,74509218,4,500.0,500.0,4,86,0.522222
68,PSO,2026-09-23_22-06-59.log,74509218,4,500.0,500.0,6,126,0.552778
68,PSO,2026-09-23_22-06-59.log,74509218,4,500.0,500.0,7,146,0.558333
68,PSO,2026-09-23_22-06-59.log,74509218,4,500.0,500.0,8,161,0.561111
68,PSO,2026-09-23_22-06-59.log,74509218,4,500.0,500.0,9,186,0.586111
68,PSO,2026-09-23_22-06-59.log,74509218,4,500.0,500.0,11,227,0.6
68,Naive,2026-09-23_22-18-32.log,,231,,,0,1,0.413889
68,Naive,2026-09-23_22-18-32.log,,231,,,2,3,0.452778
68,Naive,2026-09-23_22-18-32.log,,231,,,4,5,0.508333
68,Naive,2026-09-23_22-18-32.log,,231,,,15,16,0.516667
68,Naive,2026-09-23_22-18-32.log,,231,,,123,124,0.525
68,Naive,2026-09-23_22-18-32.log,,231,,,182,183,0.552778
69,PSO,2026-09-23_22-28-32.log,1664576,4,500.0,500.0,0,1,0.377778
69,PSO,2026-09-23_22-28-32.log,1664576,4,500.0,500.0,0,3,0.461111
69,PSO,2026-09-23_22-28-32.log,1664576,4,500.0,500.0,0,15,0.516667
69,PSO,2026-09-23_22-28-32.log,1664576,4,500.0,500.0,1,22,0.519444
69,PSO,2026-09-23_22-28-32.log,1664576,4,500.0,500.0,3,77,0.552778
69,PSO,2026-09-23_22-28-32.log,1664576,4,500.0,500.0,4,95,0.563889
69,PSO,2026-09-23_22-28-32.log,1664576,4,500.0,500.0,12,247,0.569444
69,Naive,2026-09-23_22-40-33.log,,79,,,0,1,0.377778
69,Naive,2026-09-23_22-40-33.log,,79,,,2,3,0.461111
69,Naive,2026-09-23_22-40-33.log,,79,,,14,15,0.516667
70,PSO,2026-09-23_22-51-19.log,40063030,4,500.0,500.0,0,1,0.444444
70,PSO,2026-09-23_22-51-19.log,40063030,4,500.0,500.0,4,83,0.45
70,PSO,2026-09-23_22-51-19.log,40063030,4,500.0,500.0,4,88,0.497222
70,PSO,2026-09-23_22-51-19.log,40063030,4,500.0,500.0,7,144,0.513889
70,PSO,2026-09-23_22-51-19.log,40063030,4,500.0,500.0,10,212,0.536111
70,PSO,2026-09-23_22-51-19.log,40063030,4,500.0,500.0,18,361,0.538889
70,Naive,2026-09-23_23-02-52.log,,75,,,0,1,0.444444
70,Naive,2026-09-23_23-02-52.log,,75,,,21,22,0.475
70,Naive,2026-09-23_23-02-52.log,,75,,,41,42,0.491667
70,Naive,2026-09-23_23-02-52.log,,75,,,115,116,0.505556
70,Naive,2026-09-23_23-02-52.log,,75,,,185,186,0.530556
71,PSO,2026-09-23_23-13-58.log,38032146,4,500.0,500.0,0,1,0.247222
71,PSO,2026-09-23_23-13-58.log,38032146,4,500.0,500.0,0,2,0.316667
71,PSO,2026-09-23_23-13-58.log,38032146,4,500.0,500.0,0,3,0.361111
71,PSO,2026-09-23_23-13-58.log,38032146,4,500.0,500.0,0,5,0.405556
71,PSO,2026-09-23_23-13-58.log,38032146,4,500.0,500.0,1,36,0.458333
71,PSO,2026-09-23_23-13-58.log,38032146,4,500.0,500.0,5,104,0.466667
71,PSO,2026-09-23_23-13-58.log,38032146,4,500.0,500.0,6,124,0.472222
71,PSO,2026-09-23_23-13-58.log,38032146,4,500.0,500.0,8,164,0.483333
71,PSO,2026-09-23_23-13-58.log,38032146,4,500.0,500.0,9,184,0.486111
71,PSO,2026-09-23_23-13-58.log,38032146,4,500.0,500.0,11,221,0.497222
71,PSO,2026-09-23_23-13-58.log,38032146,4,500.0,500.0,13,270,0.5
71,PSO,2026-09-23_23-13-58.log,38032146,4,500.0,500.0,14,285,0.502778
71,PSO,2026-09-23_23-13-58.log,38032146,4,500.0,500.0,14,299,0.508333
71,PSO,2026-09-23_23-13-58.log,38032146,4,500.0,500.0,16,329,0.55
71,PSO,2026-09-23_23-13-58.log,38032146,4,500.0,500.0,19,389,0.552778
71,PSO,2026-09-23_23-13-58.log,38032146,4,500.0,500.0,20,409,0.575
71,Naive,2026-09-23_23-26-07.log,,67,,,0,1,0.247222
71,Naive,2026-09-23_23-26-07.log,,67,,,1,2,0.316667
71,Naive,2026-09-23_23-26-07.log,,67,,,2,3,0.361111
71,Naive,2026-09-23_23-26-07.log,,67,,,4,5,0.405556
71,Naive,2026-09-23_23-26-07.log,,67,,,46,47,0.463889
71,Naive,2026-09-23_23-26-07.log,,67,,,91,92,0.511111
71,Naive,2026-09-23_23-26-07.log,,67,,,147,148,0.519444
72,PSO,2026-09-23_23-36-47.log,74485470,4,500.0,500.0,0,1,0.35
72,PSO,2026-09-23_23-36-47.log,74485470,4,500.0,500.0,0,4,0.411111
72,PSO,2026-09-23_23-36-47.log,74485470,4,500.0,500.0,0,5,0.452778
72,PSO,2026-09-23_23-36-47.log,74485470,4,500.0,500.0,0,18,0.469444
72,PSO,2026-09-23_23-36-47.log,74485470,4,500.0,500.0,1,30,0.475
72,PSO,2026-09-23_23-36-47.log,74485470,4,500.0,500.0,4,81,0.491667
72,PSO,2026-09-23_23-36-47.log,74485470,4,500.0,500.0,4,83,0.505556
72,PSO,2026-09-23_23-36-47.log,74485470,4,500.0,500.0,5,101,0.525
72,PSO,2026-09-23_23-36-47.log,74485470,4,500.0,500.0,5,110,0.527778
72,PSO,2026-09-23_23-36-47.log,74485470,4,500.0,500.0,5,112,0.538889
72,PSO,2026-09-23_23-36-47.log,74485470,4,500.0,500.0,19,384,0.552778
72,Naive,2026-09-23_23-49-33.log,,228,,,0,1,0.35
72,Naive,2026-09-23_23-49-33.log,,228,,,3,4,0.411111
72,Naive,2026-09-23_23-49-33.log,,228,,,4,5,0.452778
72,Naive,2026-09-23_23-49-33.log,,228,,,17,18,0.469444
72,Naive,2026-09-23_23-49-33.log,,228,,,21,22,0.491667
72,Naive,2026-09-23_23-49-33.log,,228,,,22,23,0.508333
72,Naive,2026-09-23_23-49-33.log,,228,,,192,193,0.522222
72,Naive,2026-09-23_23-49-33.log,,228,,,372,373,0.552778
73,PSO,2026-09-24_00-00-30.log,525339,6,500.0,500.0,0,1,0.591667
73,PSO,2026-09-24_00-00-30.log,525339,6,500.0,500.0,0,3,0.697222
73,PSO,2026-09-24_00-00-30.log,525339,6,500.0,500.0,0,5,0.7
73,PSO,2026-09-24_00-00-30.log,525339,6,500.0,500.0,0,11,0.708333
73,PSO,2026-09-24_00-00-30.log,525339,6,500.0,500.0,4,97,0.741667
73,PSO,2026-09-24_00-00-30.log,525339,6,500.0,500.0,5,111,0.744444
73,PSO,2026-09-24_00-00-30.log,525339,6,500.0,500.0,8,168,0.788889
73,PSO,2026-09-24_00-00-30.log,525339,6,500.0,500.0,20,409,0.808333
73,Naive,2026-09-24_00-15-27.log,,97,,,0,1,0.591667
73,Naive,2026-09-24_00-15-27.log,,97,,,2,3,0.697222
73,Naive,2026-09-24_00-15-27.log,,97,,,4,5,0.7
73,Naive,2026-09-24_00-15-27.log,,97,,,10,11,0.708333
73,Naive,2026-09-24_00-15-27.log,,97,,,25,26,0.713889
73,Naive,2026-09-24_00-15-27.log,,97,,,131,132,0.761111
74,PSO,2026-09-24_00-29-18.log,864365,6,500.0,500.0,0,1,0.563889
74,PSO,2026-09-24_00-29-18.log,864365,6,500.0,500.0,0,2,0.591667
74,PSO,2026-09-24_00-29-18.log,864365,6,500.0,500.0,0,4,0.675
74,PSO,2026-09-24_00-29-18.log,864365,6,500.0,500.0,0,6,0.688889
74,PSO,2026-09-24_00-29-18.log,864365,6,500.0,500.0,3,61,0.75
74,PSO,2026-09-24_00-29-18.log,864365,6,500.0,500.0,18,375,0.763889
74,PSO,2026-09-24_00-29-18.log,864365,6,500.0,500.0,19,381,0.766667
74,Naive,2026-09-24_00-43-42.log,,97,,,0,1,0.563889
74,Naive,2026-09-24_00-43-42.log,,97,,,1,2,0.591667
74,Naive,2026-09-24_00-43-42.log,,97,,,3,4,0.675
74,Naive,2026-09-24_00-43-42.log,,97,,,5,6,0.688889
74,Naive,2026-09-24_00-43-42.log,,97,,,39,40,0.705556
74,Naive,2026-09-24_00-43-42.log,,97,,,45,46,0.725
74,Naive,2026-09-24_00-43-42.log,,97,,,206,207,0.752778
75,PSO,2026-09-24_00-57-30.log,67358,6,500.0,500.0,0,1,0.55
75,PSO,2026-09-24_00-57-30.log,67358,6,500.0,500.0,0,3,0.65
75,PSO,2026-09-24_00-57-30.log,67358,6,500.0,500.0,0,7,0.702778
75,PSO,2026-09-24_00-57-30.log,67358,6,500.0,500.0,0,18,0.713889
75,PSO,2026-09-24_00-57-30.log,67358,6,500.0,500.0,1,30,0.775
75,PSO,2026-09-24_00-57-30.log,67358,6,500.0,500.0,3,70,0.786111
75,PSO,2026-09-24_00-57-30.log,67358,6,500.0,500.0,6,126,0.788889
75,PSO,2026-09-24_00-57-30.log,67358,6,500.0,500.0,12,252,0.8
75,PSO,2026-09-24_00-57-30.log,67358,6,500.0,500.0,15,302,0.802778
75,PSO,2026-09-24_00-57-30.log,67358,6,500.0,500.0,16,334,0.822222
75,Naive,2026-09-24_01-11-57.log,,205,,,0,1,0.55
75,Naive,2026-09-24_01-11-57.log,,205,,,2,3,0.65
75,Naive,2026-09-24_01-11-57.log,,205,,,6,7,0.702778
75,Naive,2026-09-24_01-11-57.log,,205,,,17,18,0.713889
75,Naive,2026-09-24_01-11-57.log,,205,,,23,24,0.747222
75,Naive,2026-09-24_01-11-57.log,,205,,,77,78,0.758333
75,Naive,2026-09-24_01-11-57.log,,205,,,85,86,0.769444
75,Naive,2026-09-24_01-11-57.log,,205,,,134,135,0.788889
75,Naive,2026-09-24_01-11-57.log,,205,,,182,183,0.8
76,PSO,2026-09-24_01-25-43.log,747263,6,500.0,500.0,0,1,0.638889
76,PSO,2026-09-24_01-25-43.log,747263,6,500.0,500.0,0,5,0.661111
76,PSO,2026-09-24_01-25-43.log,747263,6,500.0,500.0,0,17,0.675
76,PSO,2026-09-24_01-25-43.log,747263,6,500.0,500.0,4,86,0.711111
76,PSO,2026-09-24_01-25-43.log,747263,6,500.0,500.0,5,106,0.713889
76,PSO,2026-09-24_01-25-43.log,747263,6,500.0,500.0,5,107,0.722222
76,PSO,2026-09-24_01-25-43.log,747263,6,500.0,500.0,7,146,0.747222
76,PSO,2026-09-24_01-25-43.log,747263,6,500.0,500.0,17,346,0.75
76,PSO,2026-09-24_01-25-43.log,747263,6,500.0,500.0,18,372,0.752778
76,Naive,2026-09-24_01-39-16.log,,191,,,0,1,0.638889
76,Naive,2026-09-24_01-39-16.log,,191,,,4,5,0.661111
76,Naive,2026-09-24_01-39-16.log,,191,,,16,17,0.675
76,Naive,2026-09-24_01-39-16.log,,191,,,35,36,0.697222
76,Naive,2026-09-24_01-39-16.log,,191,,,109,110,0.727778
76,Naive,2026-09-24_01-39-16.log,,191,,,196,197,0.75
77,PSO,2026-09-24_01-52-45.log,677807,6,500.0,500.0,0,1,0.658333
77,PSO,2026-09-24_01-52-45.log,677807,6,500.0,500.0,0,7,0.7
77,PSO,2026-09-24_01-52-45.log,677807,6,500.0,500.0,0,12,0.758333
77,PSO,2026-09-24_01-52-45.log,677807,6,500.0,500.0,7,160,0.775
77,PSO,2026-09-24_01-52-45.log,677807,6,500.0,500.0,8,161,0.783333
77,PSO,2026-09-24_01-52-45.log,677807,6,500.0,500.0,8,173,0.8
77,PSO,2026-09-24_01-52-45.log,677807,6,500.0,500.0,9,200,0.830556
77,PSO,2026-09-24_01-52-45.log,677807,6,500.0,500.0,16,337,0.838889
77,Naive,2026-09-24_02-07-03.log,,202,,,0,1,0.658333
77,Naive,2026-09-24_02-07-03.log,,202,,,6,7,0.7
77,Naive,2026-09-24_02-07-03.log,,202,,,11,12,0.758333
77,Naive,2026-09-24_02-07-03.log,,202,,,29,30,0.805556
77,Naive,2026-09-24_02-07-03.log,,202,,,45,46,0.825
77,Naive,2026-09-24_02-07-03.log,,202,,,198,199,0.827778
78,PSO,2026-09-24_02-20-18.log,806219,6,500.0,500.0,0,1,0.677778
78,PSO,2026-09-24_02-20-18.log,806219,6,500.0,500.0,0,4,0.719444
78,PSO,2026-09-24_02-20-18.log,806219,6,500.0,500.0,0,20,0.725
78,PSO,2026-09-24_02-20-18.log,806219,6,500.0,500.0,5,110,0.766667
78,PSO,2026-09-24_02-20-18.log,806219,6,500.0,500.0,14,287,0.780556
78,Naive,2026-09-24_02-34-12.log,,108,,,0,1,0.677778
78,Naive,2026-09-24_02-34-12.log,,108,,,3,4,0.719444
78,Naive,2026-09-24_02-34-12.log,,108,,,19,20,0.725
78,Naive,2026-09-24_02-34-12.log,,108,,,56,57,0.75
79,PSO,2026-09-24_02-48-05.log,76126870,6,500.0,500.0,0,1,0.463889
79,PSO,2026-09-24_02-48-05.log,76126870,6,500.0,500.0,0,2,0.638889
79,PSO,2026-09-24_02-48-05.log,76126870,6,500.0,500.0,0,3,0.688889
79,PSO,2026-09-24_02-48-05.log,76126870,6,500.0,500.0,0,19,0.702778
79,PSO,2026-09-24_02-48-05.log,76126870,6,500.0,500.0,3,80,0.711111
79,PSO,2026-09-24_02-48-05.log,76126870,6,500.0,500.0,4,100,0.719444
79,PSO,2026-09-24_02-48-05.log,76126870,6,500.0,500.0,6,130,0.761111
79,PSO,2026-09-24_02-48-05.log,76126870,6,500.0,500.0,8,180,0.772222
79,PSO,2026-09-24_02-48-05.log,76126870,6,500.0,500.0,10,220,0.780556
79,PSO,2026-09-24_02-48-05.log,76126870,6,500.0,500.0,15,313,0.788889
79,Naive,2026-09-24_03-01-49.log,,234,,,0,1,0.463889
79,Naive,2026-09-24_03-01-49.log,,234,,,1,2,0.638889
79,Naive,2026-09-24_03-01-49.log,,234,,,2,3,0.688889
79,Naive,2026-09-24_03-01-49.log,,234,,,18,19,0.702778
79,Naive,2026-09-24_03-01-49.log,,234,,,22,23,0.711111
79,Naive,2026-09-24_03-01-49.log,,234,,,34,35,0.725
79,Naive,2026-09-24_03-01-49.log,,234,,,62,63,0.75
79,Naive,2026-09-24_03-01-49.log,,234,,,126,127,0.758333
79,Naive,2026-09-24_03-01-49.log,,234,,,137,138,0.772222
79,Naive,2026-09-24_03-01-49.log,,234,,,143,144,0.802778
80,PSO,2026-09-24_03-15-20.log,74509218,6,500.0,500.0,0,1,0.563889
80,PSO,2026-09-24_03-15-20.log,74509218,6,500.0,500.0,0,2,0.644444
80,PSO,2026-09-24_03-15-20.log,74509218,6,500.0,500.0,0,4,0.725
80,PSO,2026-09-24_03-15-20.log,74509218,6,500.0,500.0,0,9,0.733333
80,PSO,2026-09-24_03-15-20.log,74509218,6,500.0,500.0,2,46,0.744444
80,PSO,2026-09-24_03-15-20.log,74509218,6,500.0,500.0,3,67,0.752778
80,PSO,2026-09-24_03-15-20.log,74509218,6,500.0,500.0,3,69,0.775
80,PSO,2026-09-24_03-15-20.log,74509218,6,500.0,500.0,3,71,0.783333
80,PSO,2026-09-24_03-15-20.log,74509218,6,500.0,500.0,12,252,0.8
80,PSO,2026-09-24_03-15-20.log,74509218,6,500.0,500.0,16,339,0.813889
80,Naive,2026-09-24_03-29-40.log,,188,,,0,1,0.563889
80,Naive,2026-09-24_03-29-40.log,,188,,,1,2,0.644444
80,Naive,2026-09-24_03-29-40.log,,188,,,3,4,0.725
80,Naive,2026-09-24_03-29-40.log,,188,,,8,9,0.733333
80,Naive,2026-09-24_03-29-40.log,,188,,,27,28,0.75
80,Naive,2026-09-24_03-29-40.log,,188,,,28,29,0.758333
80,Naive,2026-09-24_03-29-40.log,,188,,,48,49,0.761111
80,Naive,2026-09-24_03-29-40.log,,188,,,103,104,0.8
81,PSO,2026-09-24_03-43-06.log,1664576,6,500.0,500.0,0,1,0.569444
81,PSO,2026-09-24_03-43-06.log,1664576,6,500.0,500.0,0,2,0.641667
81,PSO,2026-09-24_03-43-06.log,1664576,6,500.0,500.0,0,4,0.741667
81,PSO,2026-09-24_03-43-06.log,1664576,6,500.0,500.0,6,135,0.75
81,PSO,2026-09-24_03-43-06.log,1664576,6,500.0,500.0,7,144,0.811111
81,PSO,2026-09-24_03-43-06.log,1664576,6,500.0,500.0,20,403,0.819444
81,Naive,2026-09-24_03-56-41.log,,68,,,0,1,0.569444
81,Naive,2026-09-24_03-56-41.log,,68,,,1,2,0.641667
81,Naive,2026-09-24_03-56-41.log,,68,,,3,4,0.741667
81,Naive,2026-09-24_03-56-41.log,,68,,,66,67,0.747222
81,Naive,2026-09-24_03-56-41.log,,68,,,85,86,0.752778
81,Naive,2026-09-24_03-56-41.log,,68,,,95,96,0.758333
81,Naive,2026-09-24_03-56-41.log,,68,,,120,121,0.775
81,Naive,2026-09-24_03-56-41.log,,68,,,267,268,0.802778
82,PSO,2026-09-24_04-10-12.log,40063030,6,500.0,500.0,0,1,0.572222
82,PSO,2026-09-24_04-10-12.log,40063030,6,500.0,500.0,0,2,0.658333
82,PSO,2026-09-24_04-10-12.log,40063030,6,500.0,500.0,0,7,0.694444
82,PSO,2026-09-24_04-10-12.log,40063030,6,500.0,500.0,3,64,0.761111
82,PSO,2026-09-24_04-10-12.log,40063030,6,500.0,500.0,8,161,0.791667
82,PSO,2026-09-24_04-10-12.log,40063030,6,500.0,500.0,16,321,0.797222
82,Naive,2026-09-24_04-24-15.log,,348,,,0,1,0.572222
82,Naive,2026-09-24_04-24-15.log,,348,,,1,2,0.658333
82,Naive,2026-09-24_04-24-15.log,,348,,,6,7,0.694444
82,Naive,2026-09-24_04-24-15.log,,348,,,20,21,0.716667
82,Naive,2026-09-24_04-24-15.log,,348,,,60,61,0.719444
82,Naive,2026-09-24_04-24-15.log,,348,,,106,107,0.722222
82,Naive,2026-09-24_04-24-15.log,,348,,,234,235,0.794444
82,Naive,2026-09-24_04-24-15.log,,348,,,315,316,0.805556
83,PSO,2026-09-24_04-37-39.log,38032146,6,500.0,500.0,0,1,0.452778
83,PSO,2026-09-24_04-37-39.log,38032146,6,500.0,500.0,0,2,0.519444
83,PSO,2026-09-24_04-37-39.log,38032146,6,500.0,500.0,0,3,0.6
83,PSO,2026-09-24_04-37-39.log,38032146,6,500.0,500.0,0,4,0.641667
83,PSO,2026-09-24_04-37-39.log,38032146,6,500.0,500.0,0,6,0.663889
83,PSO,2026-09-24_04-37-39.log,38032146,6,500.0,500.0,0,8,0.708333
83,PSO,2026-09-24_04-37-39.log,38032146,6,500.0,500.0,1,27,0.783333
83,PSO,2026-09-24_04-37-39.log,38032146,6,500.0,500.0,10,212,0.794444
83,PSO,2026-09-24_04-37-39.log,38032146,6,500.0,500.0,17,357,0.811111
83,Naive,2026-09-24_04-51-57.log,,76,,,0,1,0.452778
83,Naive,2026-09-24_04-51-57.log,,76,,,1,2,0.519444
83,Naive,2026-09-24_04-51-57.log,,76,,,2,3,0.6
83,Naive,2026-09-24_04-51-57.log,,76,,,3,4,0.641667
83,Naive,2026-09-24_04-51-57.log,,76,,,5,6,0.663889
83,Naive,2026-09-24_04-51-57.log,,76,,,7,8,0.708333
83,Naive,2026-09-24_04-51-57.log,,76,,,31,32,0.727778
83,Naive,2026-09-24_04-51-57.log,,76,,,41,42,0.755556
83,Naive,2026-09-24_04-51-57.log,,76,,,149,150,0.780556
83,Naive,2026-09-24_04-51-57.log,,76,,,325,326,0.786111
84,PSO,2026-09-24_05-05-23.log,74485470,6,500.0,500.0,0,1,0.536111
84,PSO,2026-09-24_05-05-23.log,74485470,6,500.0,500.0,0,2,0.672222
84,PSO,2026-09-24_05-05-23.log,74485470,6,500.0,500.0,0,4,0.683333
84,PSO,2026-09-24_05-05-23.log,74485470,6,500.0,500.0,0,13,0.791667
84,PSO,2026-09-24_05-05-23.log,74485470,6,500.0,500.0,5,110,0.863889
84,PSO,2026-09-24_05-05-23.log,74485470,6,500.0,500.0,12,260,0.869444
84,Naive,2026-09-24_05-19-01.log,,411,,,0,1,0.536111
84,Naive,2026-09-24_05-19-01.log,,411,,,1,2,0.672222
84,Naive,2026-09-24_05-19-01.log,,411,,,3,4,0.683333
84,Naive,2026-09-24_05-19-01.log,,411,,,12,13,0.791667
84,Naive,2026-09-24_05-19-01.log,,411,,,34,35,0.813889
85,PSO,2026-09-24_05-32-17.log,525339,6,500.0,500.0,0,1,0.452778
85,PSO,2026-09-24_05-32-17.log,525339,6,500.0,500.0,0,3,0.530556
85,PSO,2026-09-24_05-32-17.log,525339,6,500.0,500.0,0,5,0.594444
85,PSO,2026-09-24_05-32-17.log,525339,6,500.0,500.0,12,244,0.611111
85,Naive,2026-09-24_05-44-38.log,,52,,,0,1,0.452778
85,Naive,2026-09-24_05-44-38.log,,52,,,2,3,0.530556
85,Naive,2026-09-24_05-44-38.log,,52,,,4,5,0.594444
85,Naive,2026-09-24_05-44-38.log,,52,,,62,63,0.613889
86,PSO,2026-09-24_05-56-55.log,864365,6,500.0,500.0,0,1,0.408333
86,PSO,2026-09-24_05-56-55.log,864365,6,500.0,500.0,0,2,0.411111
86,PSO,2026-09-24_05-56-55.log,864365,6,500.0,500.0,0,3,0.461111
86,PSO,2026-09-24_05-56-55.log,864365,6,500.0,500.0,0,4,0.513889
86,PSO,2026-09-24_05-56-55.log,864365,6,500.0,500.0,0,6,0.533333
86,PSO,2026-09-24_05-56-55.log,864365,6,500.0,500.0,4,99,0.541667
86,PSO,2026-09-24_05-56-55.log,864365,6,500.0,500.0,10,212,0.563889
86,PSO,2026-09-24_05-56-55.log,864365,6,500.0,500.0,12,250,0.605556
86,PSO,2026-09-24_05-56-55.log,864365,6,500.0,500.0,17,355,0.611111
86,PSO,2026-09-24_05-56-55.log,864365,6,500.0,500.0,19,395,0.630556
86,PSO,2026-09-24_05-56-55.log,864365,6,500.0,500.0,20,415,0.638889
86,Naive,2026-09-24_06-09-07.log,,274,,,0,1,0.408333
86,Naive,2026-09-24_06-09-07.log,,274,,,1,2,0.411111
86,Naive,2026-09-24_06-09-07.log,,274,,,2,3,0.461111
86,Naive,2026-09-24_06-09-07.log,,274,,,3,4,0.513889
86,Naive,2026-09-24_06-09-07.log,,274,,,5,6,0.533333
86,Naive,2026-09-24_06-09-07.log,,274,,,34,35,0.566667
86,Naive,2026-09-24_06-09-07.log,,274,,,74,75,0.583333
86,Naive,2026-09-24_06-09-07.log,,274,,,127,128,0.591667
86,Naive,2026-09-24_06-09-07.log,,274,,,318,319,0.597222
86,Naive,2026-09-24_06-09-07.log,,274,,,354,355,0.6
87,PSO,2026-09-24_06-21-29.log,67358,6,500.0,500.0,0,1,0.444444
87,PSO,2026-09-24_06-21-29.log,67358,6,500.0,500.0,0,3,0.480556
87,PSO,2026-09-24_06-21-29.log,67358,6,500.0,500.0,0,5,0.541667
87,PSO,2026-09-24_06-21-29.log,67358,6,500.0,500.0,0,7,0.638889
87,Naive,2026-09-24_06-34-04.log,,132,,,0,1,0.444444
87,Naive,2026-09-24_06-34-04.log,,132,,,2,3,0.480556
87,Naive,2026-09-24_06-34-04.log,,132,,,4,5,0.541667
87,Naive,2026-09-24_06-34-04.log,,132,,,6,7,0.638889
87,Naive,2026-09-24_06-34-04.log,,132,,,134,135,0.655556
88,PSO,2026-09-24_06-46-26.log,747263,6,500.0,500.0,0,1,0.5
88,PSO,2026-09-24_06-46-26.log,747263,6,500.0,500.0,0,4,0.544444
88,PSO,2026-09-24_06-46-26.log,747263,6,500.0,500.0,0,17,0.572222
88,PSO,2026-09-24_06-46-26.log,747263,6,500.0,500.0,4,91,0.591667
88,PSO,2026-09-24_06-46-26.log,747263,6,500.0,500.0,8,172,0.616667
88,PSO,2026-09-24_06-46-26.log,747263,6,500.0,500.0,13,262,0.630556
88,PSO,2026-09-24_06-46-26.log,747263,6,500.0,500.0,15,312,0.672222
88,PSO,2026-09-24_06-46-26.log,747263,6,500.0,500.0,19,392,0.686111
88,Naive,2026-09-24_06-58-28.log,,191,,,0,1,0.5
88,Naive,2026-09-24_06-58-28.log,,191,,,3,4,0.544444
88,Naive,2026-09-24_06-58-28.log,,191,,,16,17,0.572222
88,Naive,2026-09-24_06-58-28.log,,191,,,104,105,0.575
88,Naive,2026-09-24_06-58-28.log,,191,,,133,134,0.597222
88,Naive,2026-09-24_06-58-28.log,,191,,,196,197,0.638889
89,PSO,2026-09-24_07-10-36.log,677807,6,500.0,500.0,0,1,0.508333
89,PSO,2026-09-24_07-10-36.log,677807,6,500.0,500.0,0,10,0.533333
89,PSO,2026-09-24_07-10-36.log,677807,6,500.0,500.0,0,12,0.594444
89,PSO,2026-09-24_07-10-36.log,677807,6,500.0,500.0,4,100,0.619444
89,PSO,2026-09-24_07-10-36.log,677807,6,500.0,500.0,5,112,0.633333
89,PSO,2026-09-24_07-10-36.log,677807,6,500.0,500.0,6,137,0.636111
89,PSO,2026-09-24_07-10-36.log,677807,6,500.0,500.0,10,202,0.655556
89,PSO,2026-09-24_07-10-36.log,677807,6,500.0,500.0,14,291,0.669444
89,PSO,2026-09-24_07-10-36.log,677807,6,500.0,500.0,14,300,0.688889
89,Naive,2026-09-24_07-23-19.log,,210,,,0,1,0.508333
89,Naive,2026-09-24_07-23-19.log,,210,,,9,10,0.533333
89,Naive,2026-09-24_07-23-19.log,,210,,,11,12,0.594444
89,Naive,2026-09-24_07-23-19.log,,210,,,41,42,0.597222
89,Naive,2026-09-24_07-23-19.log,,210,,,44,45,0.6
89,Naive,2026-09-24_07-23-19.log,,210,,,45,46,0.686111
90,PSO,2026-09-24_07-35-28.log,806219,6,500.0,500.0,0,1,0.444444
90,PSO,2026-09-24_07-35-28.log,806219,6,500.0,500.0,0,2,0.452778
90,PSO,2026-09-24_07-35-28.log,806219,6,500.0,500.0,0,4,0.541667
90,PSO,2026-09-24_07-35-28.log,806219,6,500.0,500.0,0,20,0.544444
90,PSO,2026-09-24_07-35-28.log,806219,6,500.0,500.0,1,29,0.583333
90,PSO,2026-09-24_07-35-28.log,806219,6,500.0,500.0,9,183,0.586111
90,PSO,2026-09-24_07-35-28.log,806219,6,500.0,500.0,12,249,0.597222
90,PSO,2026-09-24_07-35-28.log,806219,6,500.0,500.0,15,319,0.622222
90,Naive,2026-09-24_07-47-54.log,,108,,,0,1,0.444444
90,Naive,2026-09-24_07-47-54.log,,108,,,1,2,0.452778
90,Naive,2026-09-24_07-47-54.log,,108,,,3,4,0.541667
90,Naive,2026-09-24_07-47-54.log,,108,,,19,20,0.544444
90,Naive,2026-09-24_07-47-54.log,,108,,,20,21,0.55
90,Naive,2026-09-24_07-47-54.log,,108,,,56,57,0.65
91,PSO,2026-09-24_08-00-16.log,76126870,6,500.0,500.0,0,1,0.388889
91,PSO,2026-09-24_08-00-16.log,76126870,6,500.0,500.0,0,2,0.538889
91,PSO,2026-09-24_08-00-16.log,76126870,6,500.0,500.0,0,3,0.561111
91,PSO,2026-09-24_08-00-16.log,76126870,6,500.0,500.0,1,28,0.563889
91,PSO,2026-09-24_08-00-16.log,76126870,6,500.0,500.0,2,46,0.641667
91,PSO,2026-09-24_08-00-16.log,76126870,6,500.0,500.0,12,244,0.702778
91,Naive,2026-09-24_08-13-05.log,,274,,,0,1,0.388889
91,Naive,2026-09-24_08-13-05.log,,274,,,1,2,0.538889
91,Naive,2026-09-24_08-13-05.log,,274,,,2,3,0.561111
91,Naive,2026-09-24_08-13-05.log,,274,,,30,31,0.563889
91,Naive,2026-09-24_08-13-05.log,,274,,,32,33,0.586111
91,Naive,2026-09-24_08-13-05.log,,274,,,42,43,0.619444
91,Naive,2026-09-24_08-13-05.log,,274,,,67,68,0.647222
91,Naive,2026-09-24_08-13-05.log,,274,,,139,140,0.652778
92,PSO,2026-09-24_08-25-23.log,74509218,6,500.0,500.0,0,1,0.402778
92,PSO,2026-09-24_08-25-23.log,74509218,6,500.0,500.0,0,2,0.508333
92,PSO,2026-09-24_08-25-23.log,74509218,6,500.0,500.0,0,3,0.522222
92,PSO,2026-09-24_08-25-23.log,74509218,6,500.0,500.0,0,4,0.569444
92,PSO,2026-09-24_08-25-23.log,74509218,6,500.0,500.0,0,9,0.6
92,PSO,2026-09-24_08-25-23.log,74509218,6,500.0,500.0,2,50,0.622222
92,PSO,2026-09-24_08-25-23.log,74509218,6,500.0,500.0,3,69,0.627778
92,PSO,2026-09-24_08-25-23.log,74509218,6,500.0,500.0,4,91,0.658333
92,PSO,2026-09-24_08-25-23.log,74509218,6,500.0,500.0,6,125,0.716667
92,Naive,2026-09-24_08-38-25.log,,236,,,0,1,0.402778
92,Naive,2026-09-24_08-38-25.log,,236,,,1,2,0.508333
92,Naive,2026-09-24_08-38-25.log,,236,,,2,3,0.522222
92,Naive,2026-09-24_08-38-25.log,,236,,,3,4,0.569444
92,Naive,2026-09-24_08-38-25.log,,236,,,8,9,0.6
92,Naive,2026-09-24_08-38-25.log,,236,,,27,28,0.619444
92,Naive,2026-09-24_08-38-25.log,,236,,,28,29,0.658333
92,Naive,2026-09-24_08-38-25.log,,236,,,193,194,0.666667
92,Naive,2026-09-24_08-38-25.log,,236,,,369,370,0.669444
93,PSO,2026-09-24_08-50-38.log,1664576,6,500.0,500.0,0,1,0.413889
93,PSO,2026-09-24_08-50-38.log,1664576,6,500.0,500.0,0,2,0.469444
93,PSO,2026-09-24_08-50-38.log,1664576,6,500.0,500.0,0,3,0.483333
93,PSO,2026-09-24_08-50-38.log,1664576,6,500.0,500.0,0,4,0.594444
93,PSO,2026-09-24_08-50-38.log,1664576,6,500.0,500.0,0,6,0.597222
93,PSO,2026-09-24_08-50-38.log,1664576,6,500.0,500.0,5,111,0.625
93,PSO,2026-09-24_08-50-38.log,1664576,6,500.0,500.0,11,235,0.641667
93,Naive,2026-09-24_09-03-06.log,,379,,,0,1,0.413889
93,Naive,2026-09-24_09-03-06.log,,379,,,1,2,0.469444
93,Naive,2026-09-24_09-03-06.log,,379,,,2,3,0.483333
93,Naive,2026-09-24_09-03-06.log,,379,,,3,4,0.594444
93,Naive,2026-09-24_09-03-06.log,,379,,,5,6,0.597222
93,Naive,2026-09-24_09-03-06.log,,379,,,37,38,0.627778
93,Naive,2026-09-24_09-03-06.log,,379,,,336,337,0.644444
94,PSO,2026-09-24_09-15-26.log,40063030,6,500.0,500.0,0,1,0.45
94,PSO,2026-09-24_09-15-26.log,40063030,6,500.0,500.0,0,2,0.516667
94,PSO,2026-09-24_09-15-26.log,40063030,6,500.0,500.0,0,9,0.536111
94,PSO,2026-09-24_09-15-26.log,40063030,6,500.0,500.0,2,56,0.597222
94,PSO,2026-09-24_09-15-26.log,40063030,6,500.0,500.0,9,181,0.6
94,PSO,2026-09-24_09-15-26.log,40063030,6,500.0,500.0,11,233,0.605556
94,PSO,2026-09-24_09-15-26.log,40063030,6,500.0,500.0,18,374,0.622222
94,Naive,2026-09-24_09-27-28.log,,351,,,0,1,0.45
94,Naive,2026-09-24_09-27-28.log,,351,,,1,2,0.516667
94,Naive,2026-09-24_09-27-28.log,,351,,,8,9,0.536111
94,Naive,2026-09-24_09-27-28.log,,351,,,20,21,0.569444
94,Naive,2026-09-24_09-27-28.log,,351,,,30,31,0.577778
94,Naive,2026-09-24_09-27-28.log,,351,,,47,48,0.597222
94,Naive,2026-09-24_09-27-28.log,,351,,,60,61,0.608333
94,Naive,2026-09-24_09-27-28.log,,351,,,106,107,0.622222
95,PSO,2026-09-24_09-39-44.log,38032146,6,500.0,500.0,0,1,0.347222
95,PSO,2026-09-24_09-39-44.log,38032146,6,500.0,500.0,0,2,0.35
95,PSO,2026-09-24_09-39-44.log,38032146,6,500.0,500.0,0,3,0.447222
95,PSO,2026-09-24_09-39-44.log,38032146,6,500.0,500.0,0,6,0.508333
95,PSO,2026-09-24_09-39-44.log,38032146,6,500.0,500.0,0,18,0.533333
95,PSO,2026-09-24_09-39-44.log,38032146,6,500.0,500.0,2,57,0.541667
95,PSO,2026-09-24_09-39-44.log,38032146,6,500.0,500.0,3,72,0.566667
95,PSO,2026-09-24_09-39-44.log,38032146,6,500.0,500.0,4,85,0.580556
95,PSO,2026-09-24_09-39-44.log,38032146,6,500.0,500.0,4,95,0.605556
95,PSO,2026-09-24_09-39-44.log,38032146,6,500.0,500.0,6,125,0.611111
95,PSO,2026-09-24_09-39-44.log,38032146,6,500.0,500.0,6,140,0.644444
95,PSO,2026-09-24_09-39-44.log,38032146,6,500.0,500.0,9,183,0.652778
95,PSO,2026-09-24_09-39-44.log,38032146,6,500.0,500.0,12,260,0.663889
95,Naive,2026-09-24_09-53-07.log,,207,,,0,1,0.347222
95,Naive,2026-09-24_09-53-07.log,,207,,,1,2,0.35
95,Naive,2026-09-24_09-53-07.log,,207,,,2,3,0.447222
95,Naive,2026-09-24_09-53-07.log,,207,,,5,6,0.508333
95,Naive,2026-09-24_09-53-07.log,,207,,,17,18,0.533333
95,Naive,2026-09-24_09-53-07.log,,207,,,26,27,0.555556
95,Naive,2026-09-24_09-53-07.log,,207,,,31,32,0.575
95,Naive,2026-09-24_09-53-07.log,,207,,,54,55,0.583333
95,Naive,2026-09-24_09-53-07.log,,207,,,106,107,0.638889
95,Naive,2026-09-24_09-53-07.log,,207,,,149,150,0.683333
96,PSO,2026-09-24_10-05-27.log,74485470,6,500.0,500.0,0,1,0.436111
96,PSO,2026-09-24_10-05-27.log,74485470,6,500.0,500.0,0,2,0.544444
96,PSO,2026-09-24_10-05-27.log,74485470,6,500.0,500.0,0,6,0.566667
96,PSO,2026-09-24_10-05-27.log,74485470,6,500.0,500.0,0,13,0.591667
96,PSO,2026-09-24_10-05-27.log,74485470,6,500.0,500.0,1,21,0.597222
96,PSO,2026-09-24_10-05-27.log,74485470,6,500.0,500.0,4,93,0.619444
96,PSO,2026-09-24_10-05-27.log,74485470,6,500.0,500.0,5,104,0.647222
96,PSO,2026-09-24_10-05-27.log,74485470,6,500.0,500.0,16,327,0.672222
96,Naive,2026-09-24_10-17-48.log,,207,,,0,1,0.436111
96,Naive,2026-09-24_10-17-48.log,,207,,,1,2,0.544444
96,Naive,2026-09-24_10-17-48.log,,207,,,5,6,0.566667
96,Naive,2026-09-24_10-17-48.log,,207,,,12,13,0.591667
96,Naive,2026-09-24_10-17-48.log,,207,,,34,35,0.6
96,Naive,2026-09-24_10-17-48.log,,207,,,80,81,0.625
96,Naive,2026-09-24_10-17-48.log,,207,,,217,218,0.647222
