relays,width,height,nodes,network_config,evaluations,pairs,mean_pso_pdr,mean_naive_pdr,mean_delta_pdr,median_delta_pdr,pso_wins,ties,naive_wins,naive_failed_pairs
2,500.0,500.0,,1,20,12,0.4092591666666667,0.4092591666666667,0.0,0.0,0,12,0,0
2,500.0,500.0,,1,40,12,0.4256945,0.42083316666666665,0.004861333333333333,0.0,4,3,5,0
2,500.0,500.0,,1,60,12,0.4358795,0.42754616666666667,0.008333333333333337,0.0,5,2,5,0
2,500.0,500.0,,1,80,12,0.44189808333333336,0.4296295,0.012268583333333333,0.0,5,3,4,0
2,500.0,500.0,,1,100,12,0.44861116666666667,0.4296295,0.01898166666666667,0.009722500000000023,9,1,2,0
2,500.0,500.0,,1,120,12,0.4527776666666667,0.43402766666666664,0.01875,0.009722500000000023,10,1,1,0
2,500.0,500.0,,1,140,12,0.4578703333333333,0.4363424166666667,0.02152791666666667,0.012500500000000025,10,0,2,0
2,500.0,500.0,,1,160,12,0.45972225,0.44004608333333334,0.01967616666666667,0.013889500000000027,8,0,4,0
2,500.0,500.0,,1,180,12,0.46087958333333334,0.4421295,0.01875008333333333,0.0166665,8,0,4,0
2,500.0,500.0,,1,200,12,0.4620370833333333,0.4439814166666667,0.018055666666666664,0.02083299999999999,8,0,4,0
2,500.0,500.0,,1,220,12,0.4627315833333333,0.4439814166666667,0.018750166666666665,0.020833500000000005,8,0,4,0
2,500.0,500.0,,1,240,12,0.46388891666666665,0.44699066666666665,0.016898249999999993,0.020833500000000005,8,0,4,0
2,500.0,500.0,,1,260,12,0.46435191666666664,0.449537,0.014814916666666659,0.020833500000000005,8,1,3,0
2,500.0,500.0,,1,280,12,0.46458333333333335,0.449537,0.015046333333333328,0.020833500000000005,8,1,3,0
2,500.0,500.0,,1,300,12,0.46574075,0.45023141666666666,0.015509333333333328,0.020833500000000005,9,0,3,0
2,500.0,500.0,,1,320,12,0.46689825,0.45023141666666666,0.01666683333333333,0.020833500000000005,9,0,3,0
2,500.0,500.0,,1,340,12,0.46689825,0.45023141666666666,0.01666683333333333,0.020833500000000005,9,0,3,0
2,500.0,500.0,,1,360,12,0.46759266666666666,0.45069441666666665,0.016898249999999993,0.019444000000000017,10,0,2,0
2,500.0,500.0,,1,380,12,0.46759266666666666,0.45069441666666665,0.016898249999999993,0.019444000000000017,10,0,2,0
2,500.0,500.0,,1,400,12,0.46759266666666666,0.45069441666666665,0.016898249999999993,0.019444000000000017,10,0,2,0
2,500.0,500.0,,2,20,12,0.29837966666666665,0.29837966666666665,0.0,0.0,0,12,0,0
2,500.0,500.0,,2,40,12,0.31249991666666666,0.3101851666666667,0.0023147500000000043,0.0013890000000000013,6,3,3,0
2,500.0,500.0,,2,60,12,0.319676,0.31388883333333334,0.005787166666666658,0.004166999999999976,8,2,2,0
2,500.0,500.0,,2,80,12,0.32592608333333334,0.32222225,0.003703833333333332,0.011111500000000024,9,1,2,0
2,500.0,500.0,,2,100,12,0.3333335,0.32222225,0.011111249999999998,0.0152785,9,1,2,0
2,500.0,500.0,,2,120,12,0.33958341666666664,0.3252315,0.014351916666666664,0.019444499999999976,10,1,1,0
2,500.0,500.0,,2,140,12,0.34027775,0.32916675,0.011111000000000001,0.01111100000000001,9,2,1,0
2,500.0,500.0,,2,160,12,0.3418980833333333,0.33009275,0.011805333333333334,0.013888500000000026,10,1,1,0
2,500.0,500.0,,2,180,12,0.34444433333333335,0.33078725,0.013657083333333334,0.0166665,10,1,1,0
2,500.0,500.0,,2,200,12,0.34583325,0.33171316666666667,0.014120083333333339,0.016666000000000014,11,0,1,0
2,500.0,500.0,,2,220,12,0.34699066666666667,0.333102,0.013888666666666674,0.0166665,10,1,1,0
2,500.0,500.0,,2,240,12,0.34837958333333335,0.333102,0.01527758333333334,0.016667000000000015,10,1,1,0
2,500.0,500.0,,2,260,12,0.35277766666666666,0.33425941666666664,0.01851825000000001,0.018055500000000002,11,0,1,0
2,500.0,500.0,,2,280,12,0.35347208333333335,0.33425941666666664,0.019212666666666673,0.019444499999999976,11,0,1,0
2,500.0,500.0,,2,300,12,0.3557869166666667,0.33495383333333334,0.02083308333333334,0.019444499999999976,11,0,1,0
2,500.0,500.0,,2,320,12,0.3562498333333333,0.33495383333333334,0.02129600000000001,0.022221999999999992,11,0,1,0
2,500.0,500.0,,2,340,12,0.35717583333333336,0.33518525,0.021990583333333345,0.022221999999999992,11,0,1,0
2,500.0,500.0,,2,360,12,0.35763875,0.33518525,0.02245350000000001,0.022221999999999992,11,0,1,0
2,500.0,500.0,,2,380,12,0.35810166666666665,0.33518525,0.022916416666666675,0.02222200000000002,11,0,1,0
2,500.0,500.0,,2,400,12,0.35810166666666665,0.33518525,0.022916416666666675,0.02222200000000002,11,0,1,0
3,500.0,500.0,,1,20,12,0.5238424166666666,0.5238424166666666,0.0,0.0,0,12,0,0
3,500.0,500.0,,1,40,12,0.5310184166666667,0.5421294166666667,-0.011111000000000015,0.0,2,5,5,0
3,500.0,500.0,,1,60,12,0.5456016666666667,0.5483795,-0.0027778333333333544,0.0,5,4,3,0
3,500.0,500.0,,1,80,12,0.5488423333333333,0.55347225,-0.004629916666666678,0.0027774999999999883,6,3,3,0
3,500.0,500.0,,1,100,12,0.5699073333333333,0.55995375,0.009953583333333321,0.01666599999999996,8,1,3,0
3,500.0,500.0,,1,120,12,0.5775463333333334,0.5622685833333333,0.015277750000000007,0.018054999999999988,9,1,2,0
3,500.0,500.0,,1,140,12,0.5842593333333334,0.5648149166666667,0.01944441666666667,0.01666650000000003,10,1,1,0
3,500.0,500.0,,1,160,12,0.5870370833333334,0.5655093333333333,0.021527750000000002,0.02083299999999999,10,1,1,0
3,500.0,500.0,,1,180,12,0.5886574166666667,0.5699075,0.01874991666666667,0.018054999999999988,11,0,1,0
3,500.0,500.0,,1,200,12,0.592361,0.5703705,0.021990500000000007,0.02083299999999999,11,0,1,0
3,500.0,500.0,,1,220,12,0.5967590833333334,0.5724538333333333,0.02430524999999999,0.016666499999999973,12,0,0,0
3,500.0,500.0,,1,240,12,0.5999998333333334,0.57384275,0.02615708333333334,0.019444499999999976,12,0,0,0
3,500.0,500.0,,1,260,12,0.6025461666666667,0.5756945833333333,0.026851583333333345,0.022221999999999964,12,0,0,0
3,500.0,500.0,,1,280,12,0.6074073333333333,0.5761575833333333,0.031249749999999993,0.022221999999999964,12,0,0,0
3,500.0,500.0,,1,300,12,0.60879625,0.5761575833333333,0.03263866666666667,0.027777499999999955,12,0,0,0
3,500.0,500.0,,1,320,12,0.6106481666666667,0.576852,0.033796166666666655,0.029166999999999943,12,0,0,0
3,500.0,500.0,,1,340,12,0.6131945,0.576852,0.03634249999999998,0.034722499999999934,12,0,0,0
3,500.0,500.0,,1,360,12,0.6162037499999999,0.576852,0.039351749999999984,0.03472249999999999,12,0,0,0
3,500.0,500.0,,1,380,12,0.6173611666666666,0.5780094166666667,0.03935174999999999,0.03472249999999999,12,0,0,0
3,500.0,500.0,,1,400,12,0.6173611666666666,0.5784723333333334,0.03888883333333332,0.03472249999999999,12,0,0,0
3,500.0,500.0,,2,20,12,0.3958331666666667,0.3958331666666667,0.0,0.0,0,12,0,0
3,500.0,500.0,,2,40,12,0.4055555,0.4136573333333333,-0.008101833333333336,0.0,3,4,5,0
3,500.0,500.0,,2,60,12,0.4131945,0.4136573333333333,-0.00046283333333333826,0.0,4,4,4,0
3,500.0,500.0,,2,80,12,0.41944441666666665,0.41550916666666665,0.003935250000000001,0.0027780000000000027,7,3,2,0
3,500.0,500.0,,2,100,12,0.42523133333333335,0.4199073333333333,0.005324000000000009,0.01111100000000001,8,2,2,0
3,500.0,500.0,,2,120,12,0.42847216666666665,0.42037025,0.008101916666666672,0.011111499999999996,8,2,2,0
3,500.0,500.0,,2,140,12,0.43611116666666666,0.42037025,0.01574091666666667,0.0152785,9,1,2,0
3,500.0,500.0,,2,160,12,0.4430555,0.4212961666666667,0.021759333333333325,0.026388999999999968,9,0,3,0
3,500.0,500.0,,2,180,12,0.44814808333333334,0.42175908333333334,0.026388999999999992,0.03194449999999999,9,0,3,0
3,500.0,500.0,,2,200,12,0.455324,0.42453683333333336,0.030787166666666657,0.031944500000000015,11,0,1,0
3,500.0,500.0,,2,220,12,0.45810175,0.42569425,0.03240749999999999,0.031944500000000015,12,0,0,0
3,500.0,500.0,,2,240,12,0.4625,0.4270831666666667,0.03541683333333333,0.036111000000000004,12,0,0,0
3,500.0,500.0,,2,260,12,0.46435183333333335,0.4270831666666667,0.037268666666666665,0.036111000000000004,12,0,0,0
3,500.0,500.0,,2,280,12,0.4657406666666667,0.42893508333333336,0.03680558333333333,0.040277499999999994,11,0,1,0
3,500.0,500.0,,2,300,12,0.4664351666666667,0.430324,0.036111166666666666,0.04027800000000001,11,0,1,0
3,500.0,500.0,,2,320,12,0.4694445,0.4307869166666667,0.038657583333333335,0.044444999999999985,11,0,1,0
3,500.0,500.0,,2,340,12,0.4699074166666667,0.4317128333333333,0.03819458333333334,0.044444999999999985,11,0,1,0
3,500.0,500.0,,2,360,12,0.47430558333333334,0.4317128333333333,0.04259275,0.04722299999999999,11,0,1,0
3,500.0,500.0,,2,380,12,0.47430558333333334,0.4317128333333333,0.04259275,0.04722299999999999,11,0,1,0
3,500.0,500.0,,2,400,12,0.47430558333333334,0.43263875,0.041666833333333334,0.04444500000000001,11,0,1,0
4,500.0,500.0,,1,20,12,0.6136574166666666,0.6136574166666666,0.0,0.0,0,12,0,0
4,500.0,500.0,,1,40,12,0.6224536666666667,0.6469908333333333,-0.024537166666666665,-0.0013889999999999736,1,5,6,0
4,500.0,500.0,,1,60,12,0.631713,0.6525464166666667,-0.02083341666666667,-0.004166499999999962,0,5,7,0
4,500.0,500.0,,1,80,12,0.6391203333333333,0.6525464166666667,-0.01342608333333333,-0.004166499999999962,1,4,7,0
4,500.0,500.0,,1,100,12,0.6548610833333334,0.65462975,0.0002313333333333334,-0.0027774999999999883,5,1,6,0
4,500.0,500.0,,1,120,12,0.6585649166666667,0.6587964166666667,-0.00023150000000000484,-0.0027774999999999883,5,1,6,0
4,500.0,500.0,,1,140,12,0.6650463333333333,0.6587964166666667,0.006249916666666661,-0.001389000000000029,5,1,6,0
4,500.0,500.0,,1,160,12,0.67245375,0.6666668333333333,0.005786916666666651,0.0,5,2,5,0
4,500.0,500.0,,1,180,12,0.688889,0.6666668333333333,0.022222166666666654,0.02361100000000005,9,1,2,0
4,500.0,500.0,,1,200,12,0.6925926666666666,0.6768520833333334,0.015740583333333325,0.01527800000000007,9,1,2,0
4,500.0,500.0,,1,220,12,0.6965278333333333,0.6768520833333334,0.01967574999999998,0.02083299999999999,9,1,2,0
4,500.0,500.0,,1,240,12,0.69722225,0.6810186666666667,0.016203583333333316,0.02083299999999999,8,1,3,0
4,500.0,500.0,,1,260,12,0.6986111666666667,0.6810186666666667,0.017592499999999983,0.022221999999999964,8,1,3,0
4,500.0,500.0,,1,280,12,0.7002315833333334,0.6810186666666667,0.019212916666666652,0.022221999999999964,8,1,3,0
4,500.0,500.0,,1,300,12,0.7064815833333333,0.6810186666666667,0.02546291666666665,0.02222249999999998,9,1,2,0
4,500.0,500.0,,1,320,12,0.7064815833333333,0.6810186666666667,0.02546291666666665,0.02222249999999998,9,1,2,0
4,500.0,500.0,,1,340,12,0.707639,0.6810186666666667,0.026620333333333312,0.02222249999999998,9,1,2,0
4,500.0,500.0,,1,360,12,0.7081019166666667,0.6819445833333333,0.02615733333333331,0.024999999999999967,9,1,2,0
4,500.0,500.0,,1,380,12,0.7085648333333333,0.6870370833333334,0.021527749999999984,0.024999999999999967,10,0,2,0
4,500.0,500.0,,1,400,12,0.71041675,0.6870370833333334,0.02337966666666666,0.024999999999999967,10,0,2,0
4,500.0,500.0,,2,20,12,0.4666666666666667,0.4666666666666667,0.0,0.0,0,12,0,0
4,500.0,500.0,,2,40,12,0.4761573333333333,0.476852,-0.0006946666666666721,0.0,4,3,5,0
4,500.0,500.0,,2,60,12,0.47824066666666665,0.49212975,-0.013889083333333335,-0.005555499999999991,3,2,7,0
4,500.0,500.0,,2,80,12,0.48356475,0.49328716666666667,-0.009722416666666664,-0.012500000000000011,3,2,7,0
4,500.0,500.0,,2,100,12,0.49560183333333335,0.5023149166666666,-0.006713083333333332,-0.0013885000000000147,5,1,6,0
4,500.0,500.0,,2,120,12,0.5037036666666667,0.50486125,-0.0011575833333333369,-0.001389000000000029,5,1,6,0
4,500.0,500.0,,2,140,12,0.50949075,0.5055556666666666,0.003935083333333325,-0.001389000000000029,5,1,6,0
4,500.0,500.0,,2,160,12,0.5150463333333333,0.5067130833333333,0.008333249999999995,0.020833500000000005,8,0,4,0
4,500.0,500.0,,2,180,12,0.5164351666666667,0.5067130833333333,0.009722083333333334,0.020833500000000005,8,0,4,0
4,500.0,500.0,,2,200,12,0.51875,0.5150464166666666,0.0037035833333333434,0.0055555000000000465,6,0,6,0
4,500.0,500.0,,2,220,12,0.5208333333333334,0.5150464166666666,0.005786916666666674,0.009722000000000008,7,0,5,0
4,500.0,500.0,,2,240,12,0.5233795833333333,0.5150464166666666,0.008333166666666664,0.009722000000000008,7,0,5,0
4,500.0,500.0,,2,260,12,0.5252313333333333,0.5150464166666666,0.010184916666666663,0.011110500000000023,7,0,5,0
4,500.0,500.0,,2,280,12,0.5273147499999999,0.5150464166666666,0.012268333333333326,0.011110999999999982,7,0,5,0
4,500.0,500.0,,2,300,12,0.5287035833333333,0.5150464166666666,0.01365716666666666,0.011110999999999982,7,1,4,0
4,500.0,500.0,,2,320,12,0.5310184166666666,0.51643525,0.014583166666666656,0.01250049999999997,8,1,3,0
4,500.0,500.0,,2,340,12,0.5354165833333333,0.51643525,0.018981333333333322,0.018055500000000002,9,1,2,0
4,500.0,500.0,,2,360,12,0.5358795833333333,0.51643525,0.019444333333333324,0.018055500000000002,9,1,2,0
4,500.0,500.0,,2,380,12,0.54074075,0.5215278333333333,0.019212916666666652,0.024999999999999967,8,1,3,0
4,500.0,500.0,,2,400,12,0.5451389166666667,0.5215278333333333,0.02361108333333332,0.024999999999999967,8,2,2,0
6,500.0,500.0,,1,20,12,0.7201388333333333,0.7201388333333333,0.0,0.0,0,12,0,0
6,500.0,500.0,,1,40,12,0.7314814166666667,0.7398149166666667,-0.008333500000000013,-0.019444499999999976,2,2,8,0
6,500.0,500.0,,1,60,12,0.7324073333333333,0.74768525,-0.015277916666666669,-0.022221999999999964,2,1,9,0
6,500.0,500.0,,1,80,12,0.7479165833333333,0.7513888333333333,-0.003472250000000001,-0.0055555000000000465,5,0,7,0
6,500.0,500.0,,1,100,12,0.7543980833333334,0.7532406666666667,0.0011574166666666608,0.015278000000000014,7,0,5,0
6,500.0,500.0,,1,120,12,0.7650461666666667,0.75925925,0.005786916666666651,0.016666999999999987,7,0,5,0
6,500.0,500.0,,1,140,12,0.7694443333333333,0.7680555833333333,0.0013887499999999942,-0.0027780000000000027,5,1,6,0
6,500.0,500.0,,1,160,12,0.7780091666666666,0.77268525,0.00532391666666666,0.009721999999999953,7,1,4,0
6,500.0,500.0,,1,180,12,0.7872685,0.77268525,0.014583249999999992,0.018055500000000002,8,1,3,0
6,500.0,500.0,,1,200,12,0.7898148333333334,0.7756945,0.01412033333333331,0.009722499999999967,8,0,4,0
6,500.0,500.0,,1,220,12,0.79143525,0.7780093333333333,0.013425916666666657,0.00833299999999998,7,0,5,0
6,500.0,500.0,,1,240,12,0.79143525,0.7840278333333334,0.007407416666666657,4.999999999588667e-07,6,0,6,0
6,500.0,500.0,,1,260,12,0.7942130000000001,0.7840278333333334,0.01018516666666667,0.0013889999999999736,6,2,4,0
6,500.0,500.0,,1,280,12,0.7942130000000001,0.7863426666666666,0.00787033333333334,0.0013889999999999736,6,2,4,0
6,500.0,500.0,,1,300,12,0.7953704166666666,0.7863426666666666,0.00902775000000001,0.0013889999999999736,6,2,4,0
6,500.0,500.0,,1,320,12,0.7962963333333334,0.7872686666666666,0.009027666666666665,0.002777999999999947,7,1,4,0
6,500.0,500.0,,1,340,12,0.8002314166666666,0.7877315833333334,0.01249983333333333,0.009722000000000008,8,0,4,0
6,500.0,500.0,,1,360,12,0.8018518333333333,0.7877315833333334,0.014120249999999992,0.012499999999999956,8,1,3,0
6,500.0,500.0,,1,380,12,0.80324075,0.7877315833333334,0.015509166666666657,0.012500000000000011,10,0,2,0
6,500.0,500.0,,1,400,12,0.80347225,0.7877315833333334,0.015740666666666653,0.013888999999999985,10,0,2,0
6,500.0,500.0,,2,20,12,0.5747683333333333,0.5747683333333333,0.0,0.0,0,12,0,0
6,500.0,500.0,,2,40,12,0.5787035,0.5951388333333333,-0.01643533333333334,-0.012500000000000011,1,4,7,0
6,500.0,500.0,,2,60,12,0.5928239166666667,0.6162035833333334,-0.02337966666666666,-0.016666999999999932,1,4,7,0
6,500.0,500.0,,2,80,12,0.59537025,0.6224535833333333,-0.02708333333333333,-0.018055500000000002,0,2,10,0
6,500.0,500.0,,2,100,12,0.6074073333333333,0.6245369166666667,-0.017129583333333327,-0.008333499999999994,2,2,8,0
6,500.0,500.0,,2,120,12,0.6131944166666666,0.6305555,-0.017361083333333333,-0.012500000000000011,2,2,8,0
6,500.0,500.0,,2,140,12,0.62152775,0.63495375,-0.013426000000000002,-0.013888999999999985,3,0,9,0
6,500.0,500.0,,2,160,12,0.62152775,0.6386574166666666,-0.017129666666666665,-0.018056000000000016,2,0,10,0
6,500.0,500.0,,2,180,12,0.6236110833333334,0.6386574166666666,-0.015046333333333337,-0.018056000000000016,3,0,9,0
6,500.0,500.0,,2,200,12,0.6247685833333333,0.6428241666666666,-0.018055583333333347,-0.02083350000000006,2,0,10,0
6,500.0,500.0,,2,220,12,0.6282408333333334,0.644676,-0.016435166666666678,-0.02083350000000006,1,1,10,0
6,500.0,500.0,,2,240,12,0.63009275,0.644676,-0.014583250000000011,-0.018056000000000016,2,1,9,0
6,500.0,500.0,,2,260,12,0.6418983333333333,0.644676,-0.0027776666666666783,-0.009722000000000064,4,1,7,0
6,500.0,500.0,,2,280,12,0.64305575,0.644676,-0.0016202500000000082,-0.0055555000000000465,4,1,7,0
6,500.0,500.0,,2,300,12,0.6458335,0.644676,0.0011574999999999873,-0.001389000000000029,5,1,6,0
6,500.0,500.0,,2,320,12,0.651389,0.6451389166666667,0.006250083333333323,0.0013889999999999736,6,1,5,0
6,500.0,500.0,,2,340,12,0.6534723333333333,0.64652775,0.006944583333333319,4.999999999588667e-07,6,0,6,0
6,500.0,500.0,,2,360,12,0.65393525,0.64675925,0.007175999999999988,4.999999999588667e-07,6,0,6,0
6,500.0,500.0,,2,380,12,0.6553240833333334,0.6469906666666667,0.008333416666666657,0.0013889999999999736,6,1,5,0
6,500.0,500.0,,2,400,12,0.6581019166666666,0.6469906666666667,0.011111249999999998,0.0013889999999999736,6,1,5,0
