scenario_number,method,pso_sim_log,comparison_log,status,detail
1,PSO-RF,../build/logs/final_experiments/3_relays_high-high_pso/2026-09-23_07-15-18.log,../build/logs/final_experiments/3_relays_high-high_RF_12c_hy1_pso/2026-09-29_00-43-52.log,verified_nodes,sensor positions match
1,Hybrid,../build/logs/final_experiments/3_relays_high-high_pso/2026-09-23_07-15-18.log,../build/logs/final_experiments/3_relays_high-high_RF_12c_hy1_hybrid/2026-09-29_01-00-26.log,verified_nodes,sensor positions match
1,Naive-Sim,../build/logs/final_experiments/3_relays_high-high_pso/2026-09-23_07-15-18.log,../build/logs/final_experiments/3_relays_high-high_naive/2026-09-23_07-25-56.log,order_only,paired by log order; scenario metadata unavailable
1,Naive-RF,../build/logs/final_experiments/3_relays_high-high_pso/2026-09-23_07-15-18.log,../build/logs/final_experiments/3_relays_high-high_RF_12c_hy1_naive/2026-09-29_02-16-24.log,order_only,paired by log order; scenario metadata unavailable
2,PSO-RF,../build/logs/final_experiments/3_relays_high-high_pso/2026-09-23_07-35-16.log,../build/logs/final_experiments/3_relays_high-high_RF_12c_hy1_pso/2026-09-29_00-44-28.log,verified_nodes,sensor positions match
2,Hybrid,../build/logs/final_experiments/3_relays_high-high_pso/2026-09-23_07-35-16.log,../build/logs/final_experiments/3_relays_high-high_RF_12c_hy1_hybrid/2026-09-29_01-03-22.log,verified_nodes,sensor positions match
2,Naive-Sim,../build/logs/final_experiments/3_relays_high-high_pso/2026-09-23_07-35-16.log,../build/logs/final_experiments/3_relays_high-high_naive/2026-09-23_07-46-15.log,order_only,paired by log order; scenario metadata unavailable
2,Naive-RF,../build/logs/final_experiments/3_relays_high-high_pso/2026-09-23_07-35-16.log,../build/logs/final_experiments/3_relays_high-high_RF_12c_hy1_naive/2026-09-29_02-16-59.log,order_only,paired by log order; scenario metadata unavailable
3,PSO-RF,../build/logs/final_experiments/3_relays_high-high_pso/2026-09-23_07-55-39.log,../build/logs/final_experiments/3_relays_high-high_RF_12c_hy1_pso/2026-09-29_00-45-04.log,verified_nodes,sensor positions match
3,Hybrid,../build/logs/final_experiments/3_relays_high-high_pso/2026-09-23_07-55-39.log,../build/logs/final_experiments/3_relays_high-high_RF_12c_hy1_hybrid/2026-09-29_01-06-25.log,verified_nodes,sensor positions match
3,Naive-Sim,../build/logs/final_experiments/3_relays_high-high_pso/2026-09-23_07-55-39.log,../build/logs/final_experiments/3_relays_high-high_naive/2026-09-23_08-06-47.log,order_only,paired by log order; scenario metadata unavailable
3,Naive-RF,../build/logs/final_experiments/3_relays_high-high_pso/2026-09-23_07-55-39.log,../build/logs/final_experiments/3_relays_high-high_RF_12c_hy1_naive/2026-09-29_02-17-36.log,order_only,paired by log order; scenario metadata unavailable
4,PSO-RF,../build/logs/final_experiments/3_relays_high-high_pso/2026-09-23_08-16-16.log,../build/logs/final_experiments/3_relays_high-high_RF_12c_hy1_pso/2026-09-29_00-45-41.log,verified_nodes,sensor positions match
4,Hybrid,../build/logs/final_experiments/3_relays_high-high_pso/2026-09-23_08-16-16.log,../build/logs/final_experiments/3_relays_high-high_RF_12c_hy1_hybrid/2026-09-29_01-09-28.log,verified_nodes,sensor positions match
4,Naive-Sim,../build/logs/final_experiments/3_relays_high-high_pso/2026-09-23_08-16-16.log,../build/logs/final_experiments/3_relays_high-high_naive/2026-09-23_08-27-12.log,order_only,paired by log order; scenario metadata unavailable
4,Naive-RF,../build/logs/final_experiments/3_relays_high-high_pso/2026-09-23_08-16-16.log,../build/logs/final_experiments/3_relays_high-high_RF_12c_hy1_naive/2026-09-29_02-18-13.log,order_only,paired by log order; scenario metadata unavailable
5,PSO-RF,../build/logs/final_experiments/3_relays_high-high_pso/2026-09-23_08-36-31.log,../build/logs/final_experiments/3_relays_high-high_RF_12c_hy1_pso/2026-09-29_00-46-16.log,verified_nodes,sensor positions match
5,Hybrid,../build/logs/final_experiments/3_relays_high-high_pso/2026-09-23_08-36-31.log,../build/logs/final_experiments/3_relays_high-high_RF_12c_hy1_hybrid/2026-09-29_01-12-15.log,verified_nodes,sensor positions match
5,Naive-Sim,../build/logs/final_experiments/3_relays_high-high_pso/2026-09-23_08-36-31.log,../build/logs/final_experiments/3_relays_high-high_naive/2026-09-23_08-47-25.log,order_only,paired by log order; scenario metadata unavailable
5,Naive-RF,../build/logs/final_experiments/3_relays_high-high_pso/2026-09-23_08-36-31.log,../build/logs/final_experiments/3_relays_high-high_RF_12c_hy1_naive/2026-09-29_02-18-46.log,order_only,paired by log order; scenario metadata unavailable
6,PSO-RF,../build/logs/final_experiments/3_relays_high-high_pso/2026-09-23_08-57-07.log,../build/logs/final_experiments/3_relays_high-high_RF_12c_hy1_pso/2026-09-29_00-46-54.log,verified_nodes,sensor positions match
6,Hybrid,../build/logs/final_experiments/3_relays_high-high_pso/2026-09-23_08-57-07.log,../build/logs/final_experiments/3_relays_high-high_RF_12c_hy1_hybrid/2026-09-29_01-15-17.log,verified_nodes,sensor positions match
6,Naive-Sim,../build/logs/final_experiments/3_relays_high-high_pso/2026-09-23_08-57-07.log,../build/logs/final_experiments/3_relays_high-high_naive/2026-09-23_09-08-17.log,order_only,paired by log order; scenario metadata unavailable
6,Naive-RF,../build/logs/final_experiments/3_relays_high-high_pso/2026-09-23_08-57-07.log,../build/logs/final_experiments/3_relays_high-high_RF_12c_hy1_naive/2026-09-29_02-19-19.log,order_only,paired by log order; scenario metadata unavailable
7,PSO-RF,../build/logs/final_experiments/3_relays_high-high_pso/2026-09-23_09-17-37.log,../build/logs/final_experiments/3_relays_high-high_RF_12c_hy1_pso/2026-09-29_00-47-31.log,verified_nodes,sensor positions match
7,Hybrid,../build/logs/final_experiments/3_relays_high-high_pso/2026-09-23_09-17-37.log,../build/logs/final_experiments/3_relays_high-high_RF_12c_hy1_hybrid/2026-09-29_01-18-12.log,verified_nodes,sensor positions match
7,Naive-Sim,../build/logs/final_experiments/3_relays_high-high_pso/2026-09-23_09-17-37.log,../build/logs/final_experiments/3_relays_high-high_naive/2026-09-23_09-29-11.log,order_only,paired by log order; scenario metadata unavailable
7,Naive-RF,../build/logs/final_experiments/3_relays_high-high_pso/2026-09-23_09-17-37.log,../build/logs/final_experiments/3_relays_high-high_RF_12c_hy1_naive/2026-09-29_02-19-51.log,order_only,paired by log order; scenario metadata unavailable
8,PSO-RF,../build/logs/final_experiments/3_relays_high-high_pso/2026-09-23_09-38-22.log,../build/logs/final_experiments/3_relays_high-high_RF_12c_hy1_pso/2026-09-29_00-48-11.log,verified_nodes,sensor positions match
8,Hybrid,../build/logs/final_experiments/3_relays_high-high_pso/2026-09-23_09-38-22.log,../build/logs/final_experiments/3_relays_high-high_RF_12c_hy1_hybrid/2026-09-29_01-21-08.log,verified_nodes,sensor positions match
8,Naive-Sim,../build/logs/final_experiments/3_relays_high-high_pso/2026-09-23_09-38-22.log,../build/logs/final_experiments/3_relays_high-high_naive/2026-09-23_09-49-30.log,order_only,paired by log order; scenario metadata unavailable
8,Naive-RF,../build/logs/final_experiments/3_relays_high-high_pso/2026-09-23_09-38-22.log,../build/logs/final_experiments/3_relays_high-high_RF_12c_hy1_naive/2026-09-29_02-20-26.log,order_only,paired by log order; scenario metadata unavailable
9,PSO-RF,../build/logs/final_experiments/3_relays_high-high_pso/2026-09-23_09-58-49.log,../build/logs/final_experiments/3_relays_high-high_RF_12c_hy1_pso/2026-09-29_00-48-45.log,verified_nodes,sensor positions match
9,Hybrid,../build/logs/final_experiments/3_relays_high-high_pso/2026-09-23_09-58-49.log,../build/logs/final_experiments/3_relays_high-high_RF_12c_hy1_hybrid/2026-09-29_01-24-13.log,verified_nodes,sensor positions match
9,Naive-Sim,../build/logs/final_experiments/3_relays_high-high_pso/2026-09-23_09-58-49.log,../build/logs/final_experiments/3_relays_high-high_naive/2026-09-23_10-09-55.log,order_only,paired by log order; scenario metadata unavailable
9,Naive-RF,../build/logs/final_experiments/3_relays_high-high_pso/2026-09-23_09-58-49.log,../build/logs/final_experiments/3_relays_high-high_RF_12c_hy1_naive/2026-09-29_02-21-04.log,order_only,paired by log order; scenario metadata unavailable
10,PSO-RF,../build/logs/final_experiments/3_relays_high-high_pso/2026-09-23_10-19-05.log,../build/logs/final_experiments/3_relays_high-high_RF_12c_hy1_pso/2026-09-29_00-49-21.log,verified_nodes,sensor positions match
10,Hybrid,../build/logs/final_experiments/3_relays_high-high_pso/2026-09-23_10-19-05.log,../build/logs/final_experiments/3_relays_high-high_RF_12c_hy1_hybrid/2026-09-29_01-27-16.log,verified_nodes,sensor positions match
10,Naive-Sim,../build/logs/final_experiments/3_relays_high-high_pso/2026-09-23_10-19-05.log,../build/logs/final_experiments/3_relays_high-high_naive/2026-09-23_10-29-59.log,order_only,paired by log order; scenario metadata unavailable
10,Naive-RF,../build/logs/final_experiments/3_relays_high-high_pso/2026-09-23_10-19-05.log,../build/logs/final_experiments/3_relays_high-high_RF_12c_hy1_naive/2026-09-29_02-21-40.log,order_only,paired by log order; scenario metadata unavailable
11,PSO-RF,../build/logs/final_experiments/3_relays_high-high_pso/2026-09-23_10-39-17.log,../build/logs/final_experiments/3_relays_high-high_RF_12c_hy1_pso/2026-09-29_00-49-56.log,verified_nodes,sensor positions match
11,Hybrid,../build/logs/final_experiments/3_relays_high-high_pso/2026-09-23_10-39-17.log,../build/logs/final_experiments/3_relays_high-high_RF_12c_hy1_hybrid/2026-09-29_01-30-15.log,verified_nodes,sensor positions match
11,Naive-Sim,../build/logs/final_experiments/3_relays_high-high_pso/2026-09-23_10-39-17.log,../build/logs/final_experiments/3_relays_high-high_naive/2026-09-23_10-49-46.log,order_only,paired by log order; scenario metadata unavailable
11,Naive-RF,../build/logs/final_experiments/3_relays_high-high_pso/2026-09-23_10-39-17.log,../build/logs/final_experiments/3_relays_high-high_RF_12c_hy1_naive/2026-09-29_02-22-16.log,order_only,paired by log order; scenario metadata unavailable
12,PSO-RF,../build/logs/final_experiments/3_relays_high-high_pso/2026-09-23_10-58-45.log,../build/logs/final_experiments/3_relays_high-high_RF_12c_hy1_pso/2026-09-29_00-50-31.log,verified_nodes,sensor positions match
12,Hybrid,../build/logs/final_experiments/3_relays_high-high_pso/2026-09-23_10-58-45.log,../build/logs/final_experiments/3_relays_high-high_RF_12c_hy1_hybrid/2026-09-29_01-32-58.log,verified_nodes,sensor positions match
12,Naive-Sim,../build/logs/final_experiments/3_relays_high-high_pso/2026-09-23_10-58-45.log,../build/logs/final_experiments/3_relays_high-high_naive/2026-09-23_11-10-12.log,order_only,paired by log order; scenario metadata unavailable
12,Naive-RF,../build/logs/final_experiments/3_relays_high-high_pso/2026-09-23_10-58-45.log,../build/logs/final_experiments/3_relays_high-high_RF_12c_hy1_naive/2026-09-29_02-22-54.log,order_only,paired by log order; scenario metadata unavailable
13,PSO-RF,../build/logs/final_experiments/3_relays_high-high_pso/2026-09-28_19-55-07.log,../build/logs/final_experiments/3_relays_high-high_RF_12c_hy1_pso/2026-09-29_00-51-07.log,verified_nodes,sensor positions match
13,Hybrid,../build/logs/final_experiments/3_relays_high-high_pso/2026-09-28_19-55-07.log,../build/logs/final_experiments/3_relays_high-high_RF_12c_hy1_hybrid/2026-09-29_01-36-01.log,verified_nodes,sensor positions match
13,Naive-Sim,../build/logs/final_experiments/3_relays_high-high_pso/2026-09-28_19-55-07.log,../build/logs/final_experiments/3_relays_high-high_naive/2026-09-28_22-14-47.log,order_only,paired by log order; scenario metadata unavailable
13,Naive-RF,../build/logs/final_experiments/3_relays_high-high_pso/2026-09-28_19-55-07.log,../build/logs/final_experiments/3_relays_high-high_RF_12c_hy1_naive/2026-09-29_02-23-30.log,order_only,paired by log order; scenario metadata unavailable
14,PSO-RF,../build/logs/final_experiments/3_relays_high-high_pso/2026-09-28_20-06-12.log,../build/logs/final_experiments/3_relays_high-high_RF_12c_hy1_pso/2026-09-29_00-51-42.log,verified_nodes,sensor positions match
14,Hybrid,../build/logs/final_experiments/3_relays_high-high_pso/2026-09-28_20-06-12.log,../build/logs/final_experiments/3_relays_high-high_RF_12c_hy1_hybrid/2026-09-29_01-38-57.log,verified_nodes,sensor positions match
14,Naive-Sim,../build/logs/final_experiments/3_relays_high-high_pso/2026-09-28_20-06-12.log,../build/logs/final_experiments/3_relays_high-high_naive/2026-09-28_22-25-22.log,order_only,paired by log order; scenario metadata unavailable
14,Naive-RF,../build/logs/final_experiments/3_relays_high-high_pso/2026-09-28_20-06-12.log,../build/logs/final_experiments/3_relays_high-high_RF_12c_hy1_naive/2026-09-29_02-24-06.log,order_only,paired by log order; scenario metadata unavailable
15,PSO-RF,../build/logs/final_experiments/3_relays_high-high_pso/2026-09-28_20-17-24.log,../build/logs/final_experiments/3_relays_high-high_RF_12c_hy1_pso/2026-09-29_00-52-15.log,verified_nodes,sensor positions match
15,Hybrid,../build/logs/final_experiments/3_relays_high-high_pso/2026-09-28_20-17-24.log,../build/logs/final_experiments/3_relays_high-high_RF_12c_hy1_hybrid/2026-09-29_01-41-58.log,verified_nodes,sensor positions match
15,Naive-Sim,../build/logs/final_experiments/3_relays_high-high_pso/2026-09-28_20-17-24.log,../build/logs/final_experiments/3_relays_high-high_naive/2026-09-28_22-35-45.log,order_only,paired by log order; scenario metadata unavailable
15,Naive-RF,../build/logs/final_experiments/3_relays_high-high_pso/2026-09-28_20-17-24.log,../build/logs/final_experiments/3_relays_high-high_RF_12c_hy1_naive/2026-09-29_02-24-42.log,order_only,paired by log order; scenario metadata unavailable
16,PSO-RF,../build/logs/final_experiments/3_relays_high-high_pso/2026-09-28_20-29-03.log,../build/logs/final_experiments/3_relays_high-high_RF_12c_hy1_pso/2026-09-29_00-52-49.log,verified_nodes,sensor positions match
16,Hybrid,../build/logs/final_experiments/3_relays_high-high_pso/2026-09-28_20-29-03.log,../build/logs/final_experiments/3_relays_high-high_RF_12c_hy1_hybrid/2026-09-29_01-44-57.log,verified_nodes,sensor positions match
16,Naive-Sim,../build/logs/final_experiments/3_relays_high-high_pso/2026-09-28_20-29-03.log,../build/logs/final_experiments/3_relays_high-high_naive/2026-09-28_22-46-20.log,order_only,paired by log order; scenario metadata unavailable
16,Naive-RF,../build/logs/final_experiments/3_relays_high-high_pso/2026-09-28_20-29-03.log,../build/logs/final_experiments/3_relays_high-high_RF_12c_hy1_naive/2026-09-29_02-25-16.log,order_only,paired by log order; scenario metadata unavailable
17,PSO-RF,../build/logs/final_experiments/3_relays_high-high_pso/2026-09-28_20-40-35.log,../build/logs/final_experiments/3_relays_high-high_RF_12c_hy1_pso/2026-09-29_00-53-26.log,verified_nodes,sensor positions match
17,Hybrid,../build/logs/final_experiments/3_relays_high-high_pso/2026-09-28_20-40-35.log,../build/logs/final_experiments/3_relays_high-high_RF_12c_hy1_hybrid/2026-09-29_01-48-01.log,verified_nodes,sensor positions match
17,Naive-Sim,../build/logs/final_experiments/3_relays_high-high_pso/2026-09-28_20-40-35.log,../build/logs/final_experiments/3_relays_high-high_naive/2026-09-28_22-56-40.log,order_only,paired by log order; scenario metadata unavailable
17,Naive-RF,../build/logs/final_experiments/3_relays_high-high_pso/2026-09-28_20-40-35.log,../build/logs/final_experiments/3_relays_high-high_RF_12c_hy1_naive/2026-09-29_02-25-53.log,order_only,paired by log order; scenario metadata unavailable
18,PSO-RF,../build/logs/final_experiments/3_relays_high-high_pso/2026-09-28_20-50-59.log,../build/logs/final_experiments/3_relays_high-high_RF_12c_hy1_pso/2026-09-29_00-54-04.log,verified_nodes,sensor positions match
18,Hybrid,../build/logs/final_experiments/3_relays_high-high_pso/2026-09-28_20-50-59.log,../build/logs/final_experiments/3_relays_high-high_RF_12c_hy1_hybrid/2026-09-29_01-51-19.log,verified_nodes,sensor positions match
18,Naive-Sim,../build/logs/final_experiments/3_relays_high-high_pso/2026-09-28_20-50-59.log,../build/logs/final_experiments/3_relays_high-high_naive/2026-09-28_23-06-27.log,order_only,paired by log order; scenario metadata unavailable
18,Naive-RF,../build/logs/final_experiments/3_relays_high-high_pso/2026-09-28_20-50-59.log,../build/logs/final_experiments/3_relays_high-high_RF_12c_hy1_naive/2026-09-29_02-26-29.log,order_only,paired by log order; scenario metadata unavailable
19,PSO-RF,../build/logs/final_experiments/3_relays_high-high_pso/2026-09-28_21-00-32.log,../build/logs/final_experiments/3_relays_high-high_RF_12c_hy1_pso/2026-09-29_00-54-39.log,verified_nodes,sensor positions match
19,Hybrid,../build/logs/final_experiments/3_relays_high-high_pso/2026-09-28_21-00-32.log,../build/logs/final_experiments/3_relays_high-high_RF_12c_hy1_hybrid/2026-09-29_01-54-12.log,verified_nodes,sensor positions match
19,Naive-Sim,../build/logs/final_experiments/3_relays_high-high_pso/2026-09-28_21-00-32.log,../build/logs/final_experiments/3_relays_high-high_naive/2026-09-28_23-17-02.log,order_only,paired by log order; scenario metadata unavailable
19,Naive-RF,../build/logs/final_experiments/3_relays_high-high_pso/2026-09-28_21-00-32.log,../build/logs/final_experiments/3_relays_high-high_RF_12c_hy1_naive/2026-09-29_02-27-06.log,order_only,paired by log order; scenario metadata unavailable
20,PSO-RF,../build/logs/final_experiments/3_relays_high-high_pso/2026-09-28_21-10-23.log,../build/logs/final_experiments/3_relays_high-high_RF_12c_hy1_pso/2026-09-29_00-55-13.log,verified_nodes,sensor positions match
20,Hybrid,../build/logs/final_experiments/3_relays_high-high_pso/2026-09-28_21-10-23.log,../build/logs/final_experiments/3_relays_high-high_RF_12c_hy1_hybrid/2026-09-29_01-57-11.log,verified_nodes,sensor positions match
20,Naive-Sim,../build/logs/final_experiments/3_relays_high-high_pso/2026-09-28_21-10-23.log,../build/logs/final_experiments/3_relays_high-high_naive/2026-09-28_23-27-13.log,order_only,paired by log order; scenario metadata unavailable
20,Naive-RF,../build/logs/final_experiments/3_relays_high-high_pso/2026-09-28_21-10-23.log,../build/logs/final_experiments/3_relays_high-high_RF_12c_hy1_naive/2026-09-29_02-27-42.log,order_only,paired by log order; scenario metadata unavailable
21,PSO-RF,../build/logs/final_experiments/3_relays_high-high_pso/2026-09-28_21-20-25.log,../build/logs/final_experiments/3_relays_high-high_RF_12c_hy1_pso/2026-09-29_00-55-51.log,verified_nodes,sensor positions match
21,Hybrid,../build/logs/final_experiments/3_relays_high-high_pso/2026-09-28_21-20-25.log,../build/logs/final_experiments/3_relays_high-high_RF_12c_hy1_hybrid/2026-09-29_02-00-17.log,verified_nodes,sensor positions match
21,Naive-Sim,../build/logs/final_experiments/3_relays_high-high_pso/2026-09-28_21-20-25.log,../build/logs/final_experiments/3_relays_high-high_naive/2026-09-28_23-37-25.log,order_only,paired by log order; scenario metadata unavailable
21,Naive-RF,../build/logs/final_experiments/3_relays_high-high_pso/2026-09-28_21-20-25.log,../build/logs/final_experiments/3_relays_high-high_RF_12c_hy1_naive/2026-09-29_02-28-18.log,order_only,paired by log order; scenario metadata unavailable
22,PSO-RF,../build/logs/final_experiments/3_relays_high-high_pso/2026-09-28_21-31-18.log,../build/logs/final_experiments/3_relays_high-high_RF_12c_hy1_pso/2026-09-29_00-56-27.log,verified_nodes,sensor positions match
22,Hybrid,../build/logs/final_experiments/3_relays_high-high_pso/2026-09-28_21-31-18.log,../build/logs/final_experiments/3_relays_high-high_RF_12c_hy1_hybrid/2026-09-29_02-03-34.log,verified_nodes,sensor positions match
22,Naive-Sim,../build/logs/final_experiments/3_relays_high-high_pso/2026-09-28_21-31-18.log,../build/logs/final_experiments/3_relays_high-high_naive/2026-09-28_23-47-25.log,order_only,paired by log order; scenario metadata unavailable
22,Naive-RF,../build/logs/final_experiments/3_relays_high-high_pso/2026-09-28_21-31-18.log,../build/logs/final_experiments/3_relays_high-high_RF_12c_hy1_naive/2026-09-29_02-28-56.log,order_only,paired by log order; scenario metadata unavailable
23,PSO-RF,../build/logs/final_experiments/3_relays_high-high_pso/2026-09-28_21-41-33.log,../build/logs/final_experiments/3_relays_high-high_RF_12c_hy1_pso/2026-09-29_00-57-06.log,verified_nodes,sensor positions match
23,Hybrid,../build/logs/final_experiments/3_relays_high-high_pso/2026-09-28_21-41-33.log,../build/logs/final_experiments/3_relays_high-high_RF_12c_hy1_hybrid/2026-09-29_02-06-36.log,verified_nodes,sensor positions match
23,Naive-Sim,../build/logs/final_experiments/3_relays_high-high_pso/2026-09-28_21-41-33.log,../build/logs/final_experiments/3_relays_high-high_naive/2026-09-28_23-57-25.log,order_only,paired by log order; scenario metadata unavailable
23,Naive-RF,../build/logs/final_experiments/3_relays_high-high_pso/2026-09-28_21-41-33.log,../build/logs/final_experiments/3_relays_high-high_RF_12c_hy1_naive/2026-09-29_02-29-36.log,order_only,paired by log order; scenario metadata unavailable
24,PSO-RF,../build/logs/final_experiments/3_relays_high-high_pso/2026-09-28_21-52-02.log,../build/logs/final_experiments/3_relays_high-high_RF_12c_hy1_pso/2026-09-29_00-57-45.log,verified_nodes,sensor positions match
24,Hybrid,../build/logs/final_experiments/3_relays_high-high_pso/2026-09-28_21-52-02.log,../build/logs/final_experiments/3_relays_high-high_RF_12c_hy1_hybrid/2026-09-29_02-09-26.log,verified_nodes,sensor positions match
24,Naive-Sim,../build/logs/final_experiments/3_relays_high-high_pso/2026-09-28_21-52-02.log,../build/logs/final_experiments/3_relays_high-high_naive/2026-09-29_00-07-28.log,order_only,paired by log order; scenario metadata unavailable
24,Naive-RF,../build/logs/final_experiments/3_relays_high-high_pso/2026-09-28_21-52-02.log,../build/logs/final_experiments/3_relays_high-high_RF_12c_hy1_naive/2026-09-29_02-30-15.log,order_only,paired by log order; scenario metadata unavailable
25,PSO-RF,../build/logs/final_experiments/3_relays_high-high_pso/2026-09-28_22-02-41.log,../build/logs/final_experiments/3_relays_high-high_RF_12c_hy1_pso/2026-09-29_00-58-23.log,verified_nodes,sensor positions match
25,Hybrid,../build/logs/final_experiments/3_relays_high-high_pso/2026-09-28_22-02-41.log,../build/logs/final_experiments/3_relays_high-high_RF_12c_hy1_hybrid/2026-09-29_02-12-11.log,verified_nodes,sensor positions match
25,Naive-Sim,../build/logs/final_experiments/3_relays_high-high_pso/2026-09-28_22-02-41.log,../build/logs/final_experiments/3_relays_high-high_naive/2026-09-29_00-18-07.log,order_only,paired by log order; scenario metadata unavailable
25,Naive-RF,../build/logs/final_experiments/3_relays_high-high_pso/2026-09-28_22-02-41.log,../build/logs/final_experiments/3_relays_high-high_RF_12c_hy1_naive/2026-09-29_02-30-53.log,order_only,paired by log order; scenario metadata unavailable
