scenario_number,seed,network,area_width_m,area_height_m,sensor_count,relay_count,pso_sim_log,pso_sim_pdr,method,comparison_log,pairing_status,comparison_logged_fitness,comparison_predicted_best_fitness,comparison_fitness_source,comparison_actual_pdr,comparison_actual_pdr_source,pdr_difference_from_pso_sim,prediction_error_actual_minus_logged,mean_matched_distance_m,rms_matched_distance_m,max_matched_distance_m,mean_distance_pct_field_diagonal,relay_pair_profile_mae_m,relay_sink_profile_mae_m,relay_assignment
1,525339,1,500.0,500.0,60,3,../build/logs/final_experiments/3_relays_high-high_pso/2026-09-23_07-15-18.log,0.575,PSO-RF,../build/logs/final_experiments/3_relays_high-high_RF_12c_hy1_pso/2026-09-29_00-43-52.log,verified_nodes,0.549776,0.549776,RF or hybrid optimizer output; may be predicted,0.580556,Simulation of the best surrogate solution results: 0.580556,0.005556000000000005,0.03077999999999992,21.228376776469542,27.788080374146027,46.556314824092325,3.0021458344449266,15.8772222522741,15.859975042981091,ref0->candidate0; ref1->candidate1; ref2->candidate2
1,525339,1,500.0,500.0,60,3,../build/logs/final_experiments/3_relays_high-high_pso/2026-09-23_07-15-18.log,0.575,Hybrid,../build/logs/final_experiments/3_relays_high-high_RF_12c_hy1_hybrid/2026-09-29_01-00-26.log,verified_nodes,0.580556,0.580556,RF or hybrid optimizer output; may be predicted,0.580556,Simulation of the best surrogate solution results: 0.580556,0.005556000000000005,0.0,17.712186090818204,17.94468336769046,20.718442665895527,2.5048813788911195,12.687950793530453,13.90194113225356,ref0->candidate0; ref1->candidate1; ref2->candidate2
1,525339,1,500.0,500.0,60,3,../build/logs/final_experiments/3_relays_high-high_pso/2026-09-23_07-15-18.log,0.575,Naive-Sim,../build/logs/final_experiments/3_relays_high-high_naive/2026-09-23_07-25-56.log,order_only,0.547222,,OMNeT++,0.547222,Final global best fitness (simulation backend),-0.02777799999999997,,124.26628785104144,157.48117426518,260.3177291311523,17.573906962470176,34.84285695363583,30.436494393670007,ref0->candidate2; ref1->candidate1; ref2->candidate0
1,525339,1,500.0,500.0,60,3,../build/logs/final_experiments/3_relays_high-high_pso/2026-09-23_07-15-18.log,0.575,Naive-RF,../build/logs/final_experiments/3_relays_high-high_RF_12c_hy1_naive/2026-09-29_02-16-24.log,order_only,0.547222,0.551604,OMNeT++,0.547222,Final global best fitness (Naive-RF final OMNeT++ run),-0.02777799999999997,-0.004381999999999997,124.26628785104144,157.48117426518,260.3177291311523,17.573906962470176,34.84285695363583,30.436494393670007,ref0->candidate2; ref1->candidate1; ref2->candidate0
2,864365,1,500.0,500.0,60,3,../build/logs/final_experiments/3_relays_high-high_pso/2026-09-23_07-35-16.log,0.577778,PSO-RF,../build/logs/final_experiments/3_relays_high-high_RF_12c_hy1_pso/2026-09-29_00-44-28.log,verified_nodes,0.564118,0.564118,RF or hybrid optimizer output; may be predicted,0.508333,Simulation of the best surrogate solution results: 0.508333,-0.06944499999999998,-0.055784999999999973,103.74931019343337,125.9636749756585,197.11353226503758,14.672368156240667,30.646770620120957,32.40927478292463,ref0->candidate1; ref1->candidate0; ref2->candidate2
2,864365,1,500.0,500.0,60,3,../build/logs/final_experiments/3_relays_high-high_pso/2026-09-23_07-35-16.log,0.577778,Hybrid,../build/logs/final_experiments/3_relays_high-high_RF_12c_hy1_hybrid/2026-09-29_01-03-22.log,verified_nodes,0.564527,0.564527,RF or hybrid optimizer output; may be predicted,0.511111,Simulation of the best surrogate solution results: 0.511111,-0.06666700000000003,-0.05341600000000002,107.95348844051516,127.43457074207402,196.50020586757665,15.266928745806368,31.962125800122,31.07788601087911,ref0->candidate1; ref1->candidate0; ref2->candidate2
2,864365,1,500.0,500.0,60,3,../build/logs/final_experiments/3_relays_high-high_pso/2026-09-23_07-35-16.log,0.577778,Naive-Sim,../build/logs/final_experiments/3_relays_high-high_naive/2026-09-23_07-46-15.log,order_only,0.541667,,OMNeT++,0.541667,Final global best fitness (simulation backend),-0.036111000000000004,,58.10633764027642,62.346060677479855,81.92053146800258,8.217477075070917,9.897283852948263,9.588698516832912,ref0->candidate0; ref1->candidate1; ref2->candidate2
2,864365,1,500.0,500.0,60,3,../build/logs/final_experiments/3_relays_high-high_pso/2026-09-23_07-35-16.log,0.577778,Naive-RF,../build/logs/final_experiments/3_relays_high-high_RF_12c_hy1_naive/2026-09-29_02-16-59.log,order_only,0.488889,0.550412,OMNeT++,0.488889,Final global best fitness (Naive-RF final OMNeT++ run),-0.088889,-0.061522999999999994,32.109743645720705,38.21139443499367,59.41403350219539,4.541003494810153,31.986045950108224,22.932247587009186,ref0->candidate0; ref1->candidate1; ref2->candidate2
3,67358,1,500.0,500.0,60,3,../build/logs/final_experiments/3_relays_high-high_pso/2026-09-23_07-55-39.log,0.616667,PSO-RF,../build/logs/final_experiments/3_relays_high-high_RF_12c_hy1_pso/2026-09-29_00-45-04.log,verified_nodes,0.566942,0.566942,RF or hybrid optimizer output; may be predicted,0.566667,Simulation of the best surrogate solution results: 0.566667,-0.04999999999999993,-0.0002749999999999142,81.45427749239515,94.83363646435444,146.23846520324264,11.519374394304675,16.04255558040394,35.91435452791589,ref0->candidate0; ref1->candidate1; ref2->candidate2
3,67358,1,500.0,500.0,60,3,../build/logs/final_experiments/3_relays_high-high_pso/2026-09-23_07-55-39.log,0.616667,Hybrid,../build/logs/final_experiments/3_relays_high-high_RF_12c_hy1_hybrid/2026-09-29_01-06-25.log,verified_nodes,0.575,0.575,RF or hybrid optimizer output; may be predicted,0.575,Simulation of the best surrogate solution results: 0.575,-0.04166700000000001,0.0,67.98974170362874,75.48755189424723,94.53928077788619,9.615201481951537,4.052620988143161,29.766847563026914,ref0->candidate0; ref1->candidate1; ref2->candidate2
3,67358,1,500.0,500.0,60,3,../build/logs/final_experiments/3_relays_high-high_pso/2026-09-23_07-55-39.log,0.616667,Naive-Sim,../build/logs/final_experiments/3_relays_high-high_naive/2026-09-23_08-06-47.log,order_only,0.583333,,OMNeT++,0.583333,Final global best fitness (simulation backend),-0.033333999999999975,,71.56420705484884,76.30561234634055,105.28749326795658,10.120707219744355,26.732372598003735,6.725241229596397,ref0->candidate0; ref1->candidate2; ref2->candidate1
3,67358,1,500.0,500.0,60,3,../build/logs/final_experiments/3_relays_high-high_pso/2026-09-23_07-55-39.log,0.616667,Naive-RF,../build/logs/final_experiments/3_relays_high-high_RF_12c_hy1_naive/2026-09-29_02-17-36.log,order_only,0.55,0.552543,OMNeT++,0.55,Final global best fitness (Naive-RF final OMNeT++ run),-0.06666699999999992,-0.002542999999999962,61.892174261213285,61.9459289722093,65.40301904346619,8.752875224496682,15.390174394561067,35.67732883123741,ref0->candidate2; ref1->candidate0; ref2->candidate1
4,747263,1,500.0,500.0,60,3,../build/logs/final_experiments/3_relays_high-high_pso/2026-09-23_08-16-16.log,0.6,PSO-RF,../build/logs/final_experiments/3_relays_high-high_RF_12c_hy1_pso/2026-09-29_00-45-41.log,verified_nodes,0.574735,0.574735,RF or hybrid optimizer output; may be predicted,0.566667,Simulation of the best surrogate solution results: 0.566667,-0.033332999999999946,-0.008067999999999964,32.78102974111973,34.892660064307705,44.326192572789296,4.635937684844731,3.4236761517310583,3.377867939063227,ref0->candidate1; ref1->candidate0; ref2->candidate2
4,747263,1,500.0,500.0,60,3,../build/logs/final_experiments/3_relays_high-high_pso/2026-09-23_08-16-16.log,0.6,Hybrid,../build/logs/final_experiments/3_relays_high-high_RF_12c_hy1_hybrid/2026-09-29_01-09-28.log,verified_nodes,0.580556,0.580556,RF or hybrid optimizer output; may be predicted,0.580556,Simulation of the best surrogate solution results: 0.580556,-0.019444000000000017,0.0,46.28447818961553,50.6778788898733,69.68794160398195,6.545613678311599,21.06983382421164,15.83728500731661,ref0->candidate1; ref1->candidate0; ref2->candidate2
4,747263,1,500.0,500.0,60,3,../build/logs/final_experiments/3_relays_high-high_pso/2026-09-23_08-16-16.log,0.6,Naive-Sim,../build/logs/final_experiments/3_relays_high-high_naive/2026-09-23_08-27-12.log,order_only,0.555556,,OMNeT++,0.555556,Final global best fitness (simulation backend),-0.04444399999999993,,29.020048992109665,32.62617855567315,41.812737592747986,4.1040546865373155,9.847528904527431,12.587804875525308,ref0->candidate2; ref1->candidate1; ref2->candidate0
4,747263,1,500.0,500.0,60,3,../build/logs/final_experiments/3_relays_high-high_pso/2026-09-23_08-16-16.log,0.6,Naive-RF,../build/logs/final_experiments/3_relays_high-high_RF_12c_hy1_naive/2026-09-29_02-18-13.log,order_only,0.544444,0.558915,OMNeT++,0.544444,Final global best fitness (Naive-RF final OMNeT++ run),-0.05555599999999994,-0.014471000000000012,38.589578918315496,47.54276144258626,70.57745856858264,5.4573905872548645,18.972387472269116,21.554431107716443,ref0->candidate0; ref1->candidate2; ref2->candidate1
5,677807,1,500.0,500.0,60,3,../build/logs/final_experiments/3_relays_high-high_pso/2026-09-23_08-36-31.log,0.636111,PSO-RF,../build/logs/final_experiments/3_relays_high-high_RF_12c_hy1_pso/2026-09-29_00-46-16.log,verified_nodes,0.57392,0.57392,RF or hybrid optimizer output; may be predicted,0.580556,Simulation of the best surrogate solution results: 0.580556,-0.05555500000000002,0.006635999999999975,70.4787092011623,96.90058312751957,163.65014809036987,9.967194641083317,13.944627869959314,17.89666843811321,ref0->candidate2; ref1->candidate1; ref2->candidate0
5,677807,1,500.0,500.0,60,3,../build/logs/final_experiments/3_relays_high-high_pso/2026-09-23_08-36-31.log,0.636111,Hybrid,../build/logs/final_experiments/3_relays_high-high_RF_12c_hy1_hybrid/2026-09-29_01-12-15.log,verified_nodes,0.591667,0.591667,RF or hybrid optimizer output; may be predicted,0.591667,Simulation of the best surrogate solution results: 0.591667,-0.04444399999999993,0.0,92.57442777349438,138.84254990892862,238.80498923598728,13.092001128620426,3.6313988667133685,11.20579919570982,ref0->candidate2; ref1->candidate1; ref2->candidate0
5,677807,1,500.0,500.0,60,3,../build/logs/final_experiments/3_relays_high-high_pso/2026-09-23_08-36-31.log,0.636111,Naive-Sim,../build/logs/final_experiments/3_relays_high-high_naive/2026-09-23_08-47-25.log,order_only,0.608333,,OMNeT++,0.608333,Final global best fitness (simulation backend),-0.02777799999999997,,84.4294055727142,92.6579983766827,124.81049797593148,11.9401210424031,8.438795393485398,9.410388944078667,ref0->candidate1; ref1->candidate2; ref2->candidate0
5,677807,1,500.0,500.0,60,3,../build/logs/final_experiments/3_relays_high-high_pso/2026-09-23_08-36-31.log,0.636111,Naive-RF,../build/logs/final_experiments/3_relays_high-high_RF_12c_hy1_naive/2026-09-29_02-18-46.log,order_only,0.591667,0.572017,OMNeT++,0.591667,Final global best fitness (Naive-RF final OMNeT++ run),-0.04444399999999993,0.019650000000000056,70.53882355125,76.37500725108531,96.58627526206816,9.975696094002044,9.049739597198709,14.730180142303189,ref0->candidate1; ref1->candidate2; ref2->candidate0
6,806219,1,500.0,500.0,60,3,../build/logs/final_experiments/3_relays_high-high_pso/2026-09-23_08-57-07.log,0.588889,PSO-RF,../build/logs/final_experiments/3_relays_high-high_RF_12c_hy1_pso/2026-09-29_00-46-54.log,verified_nodes,0.577227,0.577227,RF or hybrid optimizer output; may be predicted,0.588889,Simulation of the best surrogate solution results: 0.588889,0.0,0.01166199999999995,59.852486683697414,66.51235718010099,91.63840546954096,8.464419840983995,8.90100116896131,10.967137361759617,ref0->candidate0; ref1->candidate1; ref2->candidate2
6,806219,1,500.0,500.0,60,3,../build/logs/final_experiments/3_relays_high-high_pso/2026-09-23_08-57-07.log,0.588889,Hybrid,../build/logs/final_experiments/3_relays_high-high_RF_12c_hy1_hybrid/2026-09-29_01-15-17.log,verified_nodes,0.569444,0.569444,RF or hybrid optimizer output; may be predicted,0.569444,Simulation of the best surrogate solution results: 0.569444,-0.019445000000000046,0.0,13.3943443814929,13.504708905785426,15.026075901578567,1.8942463483403122,11.98591036719966,9.085694987406848,ref0->candidate0; ref1->candidate1; ref2->candidate2
6,806219,1,500.0,500.0,60,3,../build/logs/final_experiments/3_relays_high-high_pso/2026-09-23_08-57-07.log,0.588889,Naive-Sim,../build/logs/final_experiments/3_relays_high-high_naive/2026-09-23_09-08-17.log,order_only,0.577778,,OMNeT++,0.577778,Final global best fitness (simulation backend),-0.011110999999999982,,21.558540762030358,23.62701335872423,35.18626671018112,3.048838073063653,10.606385885943306,9.686204208438795,ref0->candidate0; ref1->candidate1; ref2->candidate2
6,806219,1,500.0,500.0,60,3,../build/logs/final_experiments/3_relays_high-high_pso/2026-09-23_08-57-07.log,0.588889,Naive-RF,../build/logs/final_experiments/3_relays_high-high_RF_12c_hy1_naive/2026-09-29_02-19-19.log,order_only,0.497222,0.554754,OMNeT++,0.497222,Final global best fitness (Naive-RF final OMNeT++ run),-0.091667,-0.05753199999999997,86.16113933949873,86.61737875293848,98.36757297041541,12.185025180343711,6.047095501052041,33.395499187702995,ref0->candidate0; ref1->candidate1; ref2->candidate2
7,76126870,1,500.0,500.0,60,3,../build/logs/final_experiments/3_relays_high-high_pso/2026-09-23_09-17-37.log,0.647222,PSO-RF,../build/logs/final_experiments/3_relays_high-high_RF_12c_hy1_pso/2026-09-29_00-47-31.log,verified_nodes,0.571452,0.571452,RF or hybrid optimizer output; may be predicted,0.591667,Simulation of the best surrogate solution results: 0.591667,-0.05555499999999991,0.020215000000000094,37.07122044310841,39.73928001042127,56.019747179008235,5.2426622724366645,7.968554721931071,6.374418629774567,ref0->candidate0; ref1->candidate1; ref2->candidate2
7,76126870,1,500.0,500.0,60,3,../build/logs/final_experiments/3_relays_high-high_pso/2026-09-23_09-17-37.log,0.647222,Hybrid,../build/logs/final_experiments/3_relays_high-high_RF_12c_hy1_hybrid/2026-09-29_01-18-12.log,verified_nodes,0.597222,0.597222,RF or hybrid optimizer output; may be predicted,0.597222,Simulation of the best surrogate solution results: 0.597222,-0.04999999999999993,0.0,29.014891040197853,35.185658381836966,56.26428409746276,4.103325241982541,4.3960497856229965,4.632565571048474,ref0->candidate0; ref1->candidate1; ref2->candidate2
7,76126870,1,500.0,500.0,60,3,../build/logs/final_experiments/3_relays_high-high_pso/2026-09-23_09-17-37.log,0.647222,Naive-Sim,../build/logs/final_experiments/3_relays_high-high_naive/2026-09-23_09-29-11.log,order_only,0.591667,,OMNeT++,0.591667,Final global best fitness (simulation backend),-0.05555499999999991,,28.40260022443678,46.11927643982866,79.75527982522539,4.016734244405961,8.659947437936163,10.302846152480734,ref0->candidate0; ref1->candidate2; ref2->candidate1
7,76126870,1,500.0,500.0,60,3,../build/logs/final_experiments/3_relays_high-high_pso/2026-09-23_09-17-37.log,0.647222,Naive-RF,../build/logs/final_experiments/3_relays_high-high_RF_12c_hy1_naive/2026-09-29_02-19-51.log,order_only,0.583333,0.56695,OMNeT++,0.583333,Final global best fitness (Naive-RF final OMNeT++ run),-0.06388899999999997,0.016383000000000036,39.81959291899563,46.0044926864033,57.74741494647189,5.631340835421928,9.561474871072344,4.67511182357084,ref0->candidate2; ref1->candidate1; ref2->candidate0
8,74509218,1,500.0,500.0,60,3,../build/logs/final_experiments/3_relays_high-high_pso/2026-09-23_09-38-22.log,0.680556,PSO-RF,../build/logs/final_experiments/3_relays_high-high_RF_12c_hy1_pso/2026-09-29_00-48-11.log,verified_nodes,0.580793,0.580793,RF or hybrid optimizer output; may be predicted,0.555556,Simulation of the best surrogate solution results: 0.555556,-0.125,-0.025236999999999954,54.79645681503607,54.89318557137428,59.38288995998765,7.7493892397815625,5.4213410763346985,5.553676863319794,ref0->candidate0; ref1->candidate1; ref2->candidate2
8,74509218,1,500.0,500.0,60,3,../build/logs/final_experiments/3_relays_high-high_pso/2026-09-23_09-38-22.log,0.680556,Hybrid,../build/logs/final_experiments/3_relays_high-high_RF_12c_hy1_hybrid/2026-09-29_01-21-08.log,verified_nodes,0.652778,0.652778,RF or hybrid optimizer output; may be predicted,0.652778,Simulation of the best surrogate solution results: 0.652778,-0.02777800000000008,0.0,15.957571171783593,16.37998196213903,19.93705078490798,2.256741357367028,4.714115977880756,2.730474395596692,ref0->candidate0; ref1->candidate1; ref2->candidate2
8,74509218,1,500.0,500.0,60,3,../build/logs/final_experiments/3_relays_high-high_pso/2026-09-23_09-38-22.log,0.680556,Naive-Sim,../build/logs/final_experiments/3_relays_high-high_naive/2026-09-23_09-49-30.log,order_only,0.586111,,OMNeT++,0.586111,Final global best fitness (simulation backend),-0.094445,,98.1541609262602,120.48761917627333,186.57083789542244,13.88109455852685,11.403956852289673,21.575792678887115,ref0->candidate0; ref1->candidate2; ref2->candidate1
8,74509218,1,500.0,500.0,60,3,../build/logs/final_experiments/3_relays_high-high_pso/2026-09-23_09-38-22.log,0.680556,Naive-RF,../build/logs/final_experiments/3_relays_high-high_RF_12c_hy1_naive/2026-09-29_02-20-26.log,order_only,0.566667,0.559805,OMNeT++,0.566667,Final global best fitness (Naive-RF final OMNeT++ run),-0.11388900000000002,0.006862000000000035,53.68160178363487,71.38542739917814,119.90932922004025,7.591724929232816,13.310347720534637,23.841829741065453,ref0->candidate2; ref1->candidate1; ref2->candidate0
9,1664576,1,500.0,500.0,60,3,../build/logs/final_experiments/3_relays_high-high_pso/2026-09-23_09-58-49.log,0.625,PSO-RF,../build/logs/final_experiments/3_relays_high-high_RF_12c_hy1_pso/2026-09-29_00-48-45.log,verified_nodes,0.581157,0.581157,RF or hybrid optimizer output; may be predicted,0.572222,Simulation of the best surrogate solution results: 0.572222,-0.05277799999999999,-0.008935000000000026,41.29188504355179,46.64530237330085,62.17062593379608,5.839554384454169,8.042887929253473,10.581040823573128,ref0->candidate0; ref1->candidate1; ref2->candidate2
9,1664576,1,500.0,500.0,60,3,../build/logs/final_experiments/3_relays_high-high_pso/2026-09-23_09-58-49.log,0.625,Hybrid,../build/logs/final_experiments/3_relays_high-high_RF_12c_hy1_hybrid/2026-09-29_01-24-13.log,verified_nodes,0.608333,0.608333,RF or hybrid optimizer output; may be predicted,0.608333,Simulation of the best surrogate solution results: 0.608333,-0.016666999999999987,0.0,11.655960296235449,12.939700618509951,18.514740216649002,1.648401713341849,7.111667749303412,4.603288848970341,ref0->candidate0; ref1->candidate1; ref2->candidate2
9,1664576,1,500.0,500.0,60,3,../build/logs/final_experiments/3_relays_high-high_pso/2026-09-23_09-58-49.log,0.625,Naive-Sim,../build/logs/final_experiments/3_relays_high-high_naive/2026-09-23_10-09-55.log,order_only,0.575,,OMNeT++,0.575,Final global best fitness (simulation backend),-0.050000000000000044,,29.68378017960696,31.36375646453509,43.311056090795105,4.197920451250183,20.078705203149983,7.252368823840944,ref0->candidate1; ref1->candidate2; ref2->candidate0
9,1664576,1,500.0,500.0,60,3,../build/logs/final_experiments/3_relays_high-high_pso/2026-09-23_09-58-49.log,0.625,Naive-RF,../build/logs/final_experiments/3_relays_high-high_RF_12c_hy1_naive/2026-09-29_02-21-04.log,order_only,0.541667,0.563908,OMNeT++,0.541667,Final global best fitness (Naive-RF final OMNeT++ run),-0.08333299999999999,-0.022240999999999955,63.162733977494064,69.75278963847968,90.34809710226331,8.9325595027536,4.678070884469482,7.1880025819883615,ref0->candidate0; ref1->candidate2; ref2->candidate1
10,40063030,1,500.0,500.0,60,3,../build/logs/final_experiments/3_relays_high-high_pso/2026-09-23_10-19-05.log,0.636111,PSO-RF,../build/logs/final_experiments/3_relays_high-high_RF_12c_hy1_pso/2026-09-29_00-49-21.log,verified_nodes,0.564758,0.564758,RF or hybrid optimizer output; may be predicted,0.525,Simulation of the best surrogate solution results: 0.525,-0.11111099999999996,-0.03975799999999996,74.23706543175852,82.80769585257963,117.21601987783069,10.498706476437176,13.85141036050974,27.408945953336012,ref0->candidate0; ref1->candidate2; ref2->candidate1
10,40063030,1,500.0,500.0,60,3,../build/logs/final_experiments/3_relays_high-high_pso/2026-09-23_10-19-05.log,0.636111,Hybrid,../build/logs/final_experiments/3_relays_high-high_RF_12c_hy1_hybrid/2026-09-29_01-27-16.log,verified_nodes,0.577778,0.577778,RF or hybrid optimizer output; may be predicted,0.577778,Simulation of the best surrogate solution results: 0.577778,-0.05833299999999997,0.0,32.86864893332262,34.98881619970397,48.024769454626224,4.648328909838481,12.305109118320635,12.830715787502958,ref0->candidate0; ref1->candidate2; ref2->candidate1
10,40063030,1,500.0,500.0,60,3,../build/logs/final_experiments/3_relays_high-high_pso/2026-09-23_10-19-05.log,0.636111,Naive-Sim,../build/logs/final_experiments/3_relays_high-high_naive/2026-09-23_10-29-59.log,order_only,0.580556,,OMNeT++,0.580556,Final global best fitness (simulation backend),-0.05555500000000002,,38.80623820549335,44.55014112450524,56.62661841960899,5.4880308374889655,13.767394181461242,14.773926853164673,ref0->candidate2; ref1->candidate0; ref2->candidate1
10,40063030,1,500.0,500.0,60,3,../build/logs/final_experiments/3_relays_high-high_pso/2026-09-23_10-19-05.log,0.636111,Naive-RF,../build/logs/final_experiments/3_relays_high-high_RF_12c_hy1_naive/2026-09-29_02-21-40.log,order_only,0.566667,0.541875,OMNeT++,0.566667,Final global best fitness (Naive-RF final OMNeT++ run),-0.06944399999999995,0.024792000000000036,43.12353553961396,54.560370557270474,89.29912949206167,6.098588881760023,25.20263270582913,6.323264336404208,ref0->candidate2; ref1->candidate1; ref2->candidate0
11,38032146,1,500.0,500.0,60,3,../build/logs/final_experiments/3_relays_high-high_pso/2026-09-23_10-39-17.log,0.6,PSO-RF,../build/logs/final_experiments/3_relays_high-high_RF_12c_hy1_pso/2026-09-29_00-49-56.log,verified_nodes,0.561836,0.561836,RF or hybrid optimizer output; may be predicted,0.605556,Simulation of the best surrogate solution results: 0.605556,0.005556000000000005,0.04371999999999998,40.18170520628076,48.27482206547562,77.1754016899167,5.682551246199986,11.735184490714062,26.26410922366936,ref0->candidate0; ref1->candidate1; ref2->candidate2
11,38032146,1,500.0,500.0,60,3,../build/logs/final_experiments/3_relays_high-high_pso/2026-09-23_10-39-17.log,0.6,Hybrid,../build/logs/final_experiments/3_relays_high-high_RF_12c_hy1_hybrid/2026-09-29_01-30-15.log,verified_nodes,0.613889,0.613889,RF or hybrid optimizer output; may be predicted,0.613889,Simulation of the best surrogate solution results: 0.613889,0.01388900000000004,0.0,40.14472519615731,47.18405180287792,72.36362334764615,5.677321483014658,8.221868285572706,25.920312078154932,ref0->candidate0; ref1->candidate1; ref2->candidate2
11,38032146,1,500.0,500.0,60,3,../build/logs/final_experiments/3_relays_high-high_pso/2026-09-23_10-39-17.log,0.6,Naive-Sim,../build/logs/final_experiments/3_relays_high-high_naive/2026-09-23_10-49-46.log,order_only,0.580556,,OMNeT++,0.580556,Final global best fitness (simulation backend),-0.019444000000000017,,73.27878558243772,88.08896635426784,141.909000595452,10.363185240491344,6.842170579528897,9.429580772868254,ref0->candidate1; ref1->candidate0; ref2->candidate2
11,38032146,1,500.0,500.0,60,3,../build/logs/final_experiments/3_relays_high-high_pso/2026-09-23_10-39-17.log,0.6,Naive-RF,../build/logs/final_experiments/3_relays_high-high_RF_12c_hy1_naive/2026-09-29_02-22-16.log,order_only,0.55,0.560661,OMNeT++,0.55,Final global best fitness (Naive-RF final OMNeT++ run),-0.04999999999999993,-0.01066099999999992,113.93702832913102,152.28843582721572,254.49165291026736,16.113129071954464,27.348750222742,24.652074866634518,ref0->candidate2; ref1->candidate1; ref2->candidate0
12,74485470,1,500.0,500.0,60,3,../build/logs/final_experiments/3_relays_high-high_pso/2026-09-23_10-58-45.log,0.625,PSO-RF,../build/logs/final_experiments/3_relays_high-high_RF_12c_hy1_pso/2026-09-29_00-50-31.log,verified_nodes,0.580867,0.580867,RF or hybrid optimizer output; may be predicted,0.6,Simulation of the best surrogate solution results: 0.6,-0.025000000000000022,0.019132999999999956,38.99158718682332,39.86429382308601,50.71611354392211,5.514243141805853,1.976463722380193,17.85682755056662,ref0->candidate0; ref1->candidate1; ref2->candidate2
12,74485470,1,500.0,500.0,60,3,../build/logs/final_experiments/3_relays_high-high_pso/2026-09-23_10-58-45.log,0.625,Hybrid,../build/logs/final_experiments/3_relays_high-high_RF_12c_hy1_hybrid/2026-09-29_01-32-58.log,verified_nodes,0.616667,0.616667,RF or hybrid optimizer output; may be predicted,0.616667,Simulation of the best surrogate solution results: 0.616667,-0.008333000000000035,0.0,27.608904593248766,34.68804941306635,55.24945845888446,3.9044887318037245,11.308023435539601,12.692202329646017,ref0->candidate0; ref1->candidate1; ref2->candidate2
12,74485470,1,500.0,500.0,60,3,../build/logs/final_experiments/3_relays_high-high_pso/2026-09-23_10-58-45.log,0.625,Naive-Sim,../build/logs/final_experiments/3_relays_high-high_naive/2026-09-23_11-10-12.log,order_only,0.613889,,OMNeT++,0.613889,Final global best fitness (simulation backend),-0.011110999999999982,,17.943002746541037,20.054736009980278,29.995151062963487,2.537523783385603,5.746173542542834,5.157397365334546,ref0->candidate2; ref1->candidate0; ref2->candidate1
12,74485470,1,500.0,500.0,60,3,../build/logs/final_experiments/3_relays_high-high_pso/2026-09-23_10-58-45.log,0.625,Naive-RF,../build/logs/final_experiments/3_relays_high-high_RF_12c_hy1_naive/2026-09-29_02-22-54.log,order_only,0.608333,0.573892,OMNeT++,0.608333,Final global best fitness (Naive-RF final OMNeT++ run),-0.016666999999999987,0.034441000000000055,69.5050306050834,72.77926452465701,95.44447819544092,9.8294956934866,19.4382166051408,32.55262075144744,ref0->candidate2; ref1->candidate0; ref2->candidate1
13,1807902243,1,500.0,500.0,60,3,../build/logs/final_experiments/3_relays_high-high_pso/2026-09-28_19-55-07.log,0.638889,PSO-RF,../build/logs/final_experiments/3_relays_high-high_RF_12c_hy1_pso/2026-09-29_00-51-07.log,verified_nodes,0.580084,0.580084,RF or hybrid optimizer output; may be predicted,0.605556,Simulation of the best surrogate solution results: 0.605556,-0.03333300000000006,0.02547199999999994,24.308153421860172,26.76745219982657,35.47338344449258,3.4376920245440616,7.077953250445262,5.045922331932019,ref0->candidate0; ref1->candidate1; ref2->candidate2
13,1807902243,1,500.0,500.0,60,3,../build/logs/final_experiments/3_relays_high-high_pso/2026-09-28_19-55-07.log,0.638889,Hybrid,../build/logs/final_experiments/3_relays_high-high_RF_12c_hy1_hybrid/2026-09-29_01-36-01.log,verified_nodes,0.622222,0.622222,RF or hybrid optimizer output; may be predicted,0.622222,Simulation of the best surrogate solution results: 0.622222,-0.016666999999999987,0.0,27.404178336106046,31.295277541188216,48.64188344420885,3.875536066861213,3.0232076531361827,3.605453110125334,ref0->candidate0; ref1->candidate1; ref2->candidate2
13,1807902243,1,500.0,500.0,60,3,../build/logs/final_experiments/3_relays_high-high_pso/2026-09-28_19-55-07.log,0.638889,Naive-Sim,../build/logs/final_experiments/3_relays_high-high_naive/2026-09-28_22-14-47.log,order_only,0.586111,,OMNeT++,0.586111,Final global best fitness (simulation backend),-0.05277799999999999,,52.630661963651654,62.68765268272534,97.18843253186051,7.443099594566996,11.558600320649191,28.50232485769367,ref0->candidate0; ref1->candidate1; ref2->candidate2
13,1807902243,1,500.0,500.0,60,3,../build/logs/final_experiments/3_relays_high-high_pso/2026-09-28_19-55-07.log,0.638889,Naive-RF,../build/logs/final_experiments/3_relays_high-high_RF_12c_hy1_naive/2026-09-29_02-23-30.log,order_only,0.561111,0.56275,OMNeT++,0.561111,Final global best fitness (Naive-RF final OMNeT++ run),-0.07777800000000001,-0.001638999999999946,41.40025514813038,43.151321968509855,52.957649389771845,5.854880231619252,19.766939023927083,33.16115661901304,ref0->candidate0; ref1->candidate1; ref2->candidate2
14,2068291427,1,500.0,500.0,60,3,../build/logs/final_experiments/3_relays_high-high_pso/2026-09-28_20-06-12.log,0.552778,PSO-RF,../build/logs/final_experiments/3_relays_high-high_RF_12c_hy1_pso/2026-09-29_00-51-42.log,verified_nodes,0.555928,0.555928,RF or hybrid optimizer output; may be predicted,0.516667,Simulation of the best surrogate solution results: 0.516667,-0.036111000000000004,-0.03926099999999999,89.20786394989811,95.34898156107035,122.6991289292634,12.61589710682798,44.57406346555766,45.548702137690846,ref0->candidate0; ref1->candidate1; ref2->candidate2
14,2068291427,1,500.0,500.0,60,3,../build/logs/final_experiments/3_relays_high-high_pso/2026-09-28_20-06-12.log,0.552778,Hybrid,../build/logs/final_experiments/3_relays_high-high_RF_12c_hy1_hybrid/2026-09-29_01-38-57.log,verified_nodes,0.545085,0.545085,RF or hybrid optimizer output; may be predicted,0.536111,Simulation of the best surrogate solution results: 0.536111,-0.016666999999999987,-0.008974000000000038,83.32896228298885,89.14904597694807,113.71137727158177,11.784494859907893,40.716735506264826,38.38341806013486,ref0->candidate0; ref1->candidate1; ref2->candidate2
14,2068291427,1,500.0,500.0,60,3,../build/logs/final_experiments/3_relays_high-high_pso/2026-09-28_20-06-12.log,0.552778,Naive-Sim,../build/logs/final_experiments/3_relays_high-high_naive/2026-09-28_22-25-22.log,order_only,0.538889,,OMNeT++,0.538889,Final global best fitness (simulation backend),-0.01388900000000004,,59.022068728609334,64.88437418125673,94.56827320512943,8.346981007531626,29.34628317685524,36.55827763094689,ref0->candidate2; ref1->candidate1; ref2->candidate0
14,2068291427,1,500.0,500.0,60,3,../build/logs/final_experiments/3_relays_high-high_pso/2026-09-28_20-06-12.log,0.552778,Naive-RF,../build/logs/final_experiments/3_relays_high-high_RF_12c_hy1_naive/2026-09-29_02-24-06.log,order_only,0.511111,0.53457,OMNeT++,0.511111,Final global best fitness (Naive-RF final OMNeT++ run),-0.04166700000000001,-0.023459000000000008,76.72856866198299,88.85126824315265,113.60287954096938,10.85105824232516,32.58055621178335,38.84135012065045,ref0->candidate1; ref1->candidate0; ref2->candidate2
15,149477148,1,500.0,500.0,60,3,../build/logs/final_experiments/3_relays_high-high_pso/2026-09-28_20-17-24.log,0.619444,PSO-RF,../build/logs/final_experiments/3_relays_high-high_RF_12c_hy1_pso/2026-09-29_00-52-15.log,verified_nodes,0.566495,0.566495,RF or hybrid optimizer output; may be predicted,0.541667,Simulation of the best surrogate solution results: 0.541667,-0.07777699999999999,-0.02482799999999996,107.24176212978705,158.46841288144248,271.8879452127291,15.166275445673422,17.949464999355342,27.994810717051802,ref0->candidate0; ref1->candidate2; ref2->candidate1
15,149477148,1,500.0,500.0,60,3,../build/logs/final_experiments/3_relays_high-high_pso/2026-09-28_20-17-24.log,0.619444,Hybrid,../build/logs/final_experiments/3_relays_high-high_RF_12c_hy1_hybrid/2026-09-29_01-41-58.log,verified_nodes,0.569444,0.569444,RF or hybrid optimizer output; may be predicted,0.569444,Simulation of the best surrogate solution results: 0.569444,-0.050000000000000044,0.0,100.29492537345817,159.74574614889335,276.09415484577,14.1838443700342,13.088444914867978,20.457041188600083,ref0->candidate0; ref1->candidate2; ref2->candidate1
15,149477148,1,500.0,500.0,60,3,../build/logs/final_experiments/3_relays_high-high_pso/2026-09-28_20-17-24.log,0.619444,Naive-Sim,../build/logs/final_experiments/3_relays_high-high_naive/2026-09-28_22-35-45.log,order_only,0.569444,,OMNeT++,0.569444,Final global best fitness (simulation backend),-0.050000000000000044,,132.024333378484,139.644396358787,171.74122454728217,18.671060282711895,15.23332721210186,14.537981346248614,ref0->candidate1; ref1->candidate2; ref2->candidate0
15,149477148,1,500.0,500.0,60,3,../build/logs/final_experiments/3_relays_high-high_pso/2026-09-28_20-17-24.log,0.619444,Naive-RF,../build/logs/final_experiments/3_relays_high-high_RF_12c_hy1_naive/2026-09-29_02-24-42.log,order_only,0.55,0.553421,OMNeT++,0.55,Final global best fitness (Naive-RF final OMNeT++ run),-0.06944399999999995,-0.0034210000000000074,111.56364714705967,148.35174018335616,249.83633918427483,15.777482286317824,19.7155053256292,33.934443138257315,ref0->candidate2; ref1->candidate0; ref2->candidate1
16,2719919182,1,500.0,500.0,60,3,../build/logs/final_experiments/3_relays_high-high_pso/2026-09-28_20-29-03.log,0.683333,PSO-RF,../build/logs/final_experiments/3_relays_high-high_RF_12c_hy1_pso/2026-09-29_00-52-49.log,verified_nodes,0.567664,0.567664,RF or hybrid optimizer output; may be predicted,0.577778,Simulation of the best surrogate solution results: 0.577778,-0.10555499999999995,0.010114000000000067,52.4251601971051,60.4362524792584,84.10752383110562,7.4140372560328185,11.652144076617967,4.363376205098234,ref0->candidate2; ref1->candidate1; ref2->candidate0
16,2719919182,1,500.0,500.0,60,3,../build/logs/final_experiments/3_relays_high-high_pso/2026-09-28_20-29-03.log,0.683333,Hybrid,../build/logs/final_experiments/3_relays_high-high_RF_12c_hy1_hybrid/2026-09-29_01-44-57.log,verified_nodes,0.633333,0.633333,RF or hybrid optimizer output; may be predicted,0.633333,Simulation of the best surrogate solution results: 0.633333,-0.04999999999999993,0.0,34.18145351902087,34.83112666299116,41.69005876704902,4.8339875148224865,5.444562527736461,22.740453593265357,ref0->candidate0; ref1->candidate1; ref2->candidate2
16,2719919182,1,500.0,500.0,60,3,../build/logs/final_experiments/3_relays_high-high_pso/2026-09-28_20-29-03.log,0.683333,Naive-Sim,../build/logs/final_experiments/3_relays_high-high_naive/2026-09-28_22-46-20.log,order_only,0.602778,,OMNeT++,0.602778,Final global best fitness (simulation backend),-0.08055499999999993,,29.779551378652116,30.55237848264299,38.975279855826564,4.2114645441076215,4.272696653039787,20.67702211865439,ref0->candidate2; ref1->candidate0; ref2->candidate1
16,2719919182,1,500.0,500.0,60,3,../build/logs/final_experiments/3_relays_high-high_pso/2026-09-28_20-29-03.log,0.683333,Naive-RF,../build/logs/final_experiments/3_relays_high-high_RF_12c_hy1_naive/2026-09-29_02-25-16.log,order_only,0.555556,0.557408,OMNeT++,0.555556,Final global best fitness (Naive-RF final OMNeT++ run),-0.12777699999999992,-0.0018519999999999648,64.0398884640444,68.06140443572504,96.06283288036012,9.05660787987119,15.67401644891826,22.479414804325398,ref0->candidate0; ref1->candidate2; ref2->candidate1
17,123456789,1,500.0,500.0,60,3,../build/logs/final_experiments/3_relays_high-high_pso/2026-09-28_20-40-35.log,0.641667,PSO-RF,../build/logs/final_experiments/3_relays_high-high_RF_12c_hy1_pso/2026-09-29_00-53-26.log,verified_nodes,0.561601,0.561601,RF or hybrid optimizer output; may be predicted,0.572222,Simulation of the best surrogate solution results: 0.572222,-0.06944499999999998,0.010620999999999992,71.46151240655331,88.57566843019967,143.8463962183273,10.106184003304088,23.943812388752736,26.660208867906306,ref0->candidate0; ref1->candidate1; ref2->candidate2
17,123456789,1,500.0,500.0,60,3,../build/logs/final_experiments/3_relays_high-high_pso/2026-09-28_20-40-35.log,0.641667,Hybrid,../build/logs/final_experiments/3_relays_high-high_RF_12c_hy1_hybrid/2026-09-29_01-48-01.log,verified_nodes,0.6,0.6,RF or hybrid optimizer output; may be predicted,0.6,Simulation of the best surrogate solution results: 0.6,-0.04166700000000001,0.0,63.225759418780456,89.64528893487191,152.9098018310141,8.941472646137777,25.788335377710876,28.956834743330585,ref0->candidate0; ref1->candidate1; ref2->candidate2
17,123456789,1,500.0,500.0,60,3,../build/logs/final_experiments/3_relays_high-high_pso/2026-09-28_20-40-35.log,0.641667,Naive-Sim,../build/logs/final_experiments/3_relays_high-high_naive/2026-09-28_22-56-40.log,order_only,0.586111,,OMNeT++,0.586111,Final global best fitness (simulation backend),-0.05555599999999994,,62.39474733832527,76.46787592002278,118.59668564087279,8.823949790670216,16.570991655271627,22.37366571122497,ref0->candidate0; ref1->candidate1; ref2->candidate2
17,123456789,1,500.0,500.0,60,3,../build/logs/final_experiments/3_relays_high-high_pso/2026-09-28_20-40-35.log,0.641667,Naive-RF,../build/logs/final_experiments/3_relays_high-high_RF_12c_hy1_naive/2026-09-29_02-25-53.log,order_only,0.586111,0.556987,OMNeT++,0.586111,Final global best fitness (Naive-RF final OMNeT++ run),-0.05555599999999994,0.02912400000000004,62.39474733832527,76.46787592002278,118.59668564087279,8.823949790670216,16.570991655271627,22.37366571122497,ref0->candidate0; ref1->candidate1; ref2->candidate2
18,717580073,1,500.0,500.0,60,3,../build/logs/final_experiments/3_relays_high-high_pso/2026-09-28_20-50-59.log,0.547222,PSO-RF,../build/logs/final_experiments/3_relays_high-high_RF_12c_hy1_pso/2026-09-29_00-54-04.log,verified_nodes,0.557347,0.557347,RF or hybrid optimizer output; may be predicted,0.505556,Simulation of the best surrogate solution results: 0.505556,-0.04166599999999998,-0.05179100000000003,20.783502126642837,21.07066007042336,25.561176518306056,2.9392310581108365,5.437853654120033,14.233884476252976,ref0->candidate0; ref1->candidate1; ref2->candidate2
18,717580073,1,500.0,500.0,60,3,../build/logs/final_experiments/3_relays_high-high_pso/2026-09-28_20-50-59.log,0.547222,Hybrid,../build/logs/final_experiments/3_relays_high-high_RF_12c_hy1_hybrid/2026-09-29_01-51-19.log,verified_nodes,0.556892,0.556892,RF or hybrid optimizer output; may be predicted,0.497222,Simulation of the best surrogate solution results: 0.497222,-0.04999999999999999,-0.059670000000000056,21.559168499955515,21.843535898445268,26.509118883886003,3.04892684861239,6.170841279478917,14.620851013279918,ref0->candidate0; ref1->candidate1; ref2->candidate2
18,717580073,1,500.0,500.0,60,3,../build/logs/final_experiments/3_relays_high-high_pso/2026-09-28_20-50-59.log,0.547222,Naive-Sim,../build/logs/final_experiments/3_relays_high-high_naive/2026-09-28_23-06-27.log,order_only,0.538889,,OMNeT++,0.538889,Final global best fitness (simulation backend),-0.008333000000000035,,136.37909201025764,161.37870885286162,254.99052895744973,19.286916154503455,20.1964091641381,14.938957824044005,ref0->candidate1; ref1->candidate0; ref2->candidate2
18,717580073,1,500.0,500.0,60,3,../build/logs/final_experiments/3_relays_high-high_pso/2026-09-28_20-50-59.log,0.547222,Naive-RF,../build/logs/final_experiments/3_relays_high-high_RF_12c_hy1_naive/2026-09-29_02-26-29.log,order_only,0.530556,0.542789,OMNeT++,0.530556,Final global best fitness (Naive-RF final OMNeT++ run),-0.01666599999999996,-0.012232999999999938,107.11445545690556,124.30057394563123,156.22717701155585,15.148271563336461,35.305212459923666,21.52706059920419,ref0->candidate0; ref1->candidate2; ref2->candidate1
19,9999999,1,500.0,500.0,60,3,../build/logs/final_experiments/3_relays_high-high_pso/2026-09-28_21-00-32.log,0.661111,PSO-RF,../build/logs/final_experiments/3_relays_high-high_RF_12c_hy1_pso/2026-09-29_00-54-39.log,verified_nodes,0.58483,0.58483,RF or hybrid optimizer output; may be predicted,0.613889,Simulation of the best surrogate solution results: 0.613889,-0.047221999999999986,0.029059000000000057,120.2058378856483,122.58197066504792,143.61172679137312,16.99967262143054,8.368033713056358,10.644077980559493,ref0->candidate2; ref1->candidate0; ref2->candidate1
19,9999999,1,500.0,500.0,60,3,../build/logs/final_experiments/3_relays_high-high_pso/2026-09-28_21-00-32.log,0.661111,Hybrid,../build/logs/final_experiments/3_relays_high-high_RF_12c_hy1_hybrid/2026-09-29_01-54-12.log,verified_nodes,0.619444,0.619444,RF or hybrid optimizer output; may be predicted,0.619444,Simulation of the best surrogate solution results: 0.619444,-0.04166700000000001,0.0,106.08186348360142,111.18221246989108,144.2176415872899,15.002241006032031,7.074944054921768,20.956865947754096,ref0->candidate2; ref1->candidate0; ref2->candidate1
19,9999999,1,500.0,500.0,60,3,../build/logs/final_experiments/3_relays_high-high_pso/2026-09-28_21-00-32.log,0.661111,Naive-Sim,../build/logs/final_experiments/3_relays_high-high_naive/2026-09-28_23-17-02.log,order_only,0.591667,,OMNeT++,0.591667,Final global best fitness (simulation backend),-0.06944399999999995,,49.085063843408705,57.119512420333805,87.68296573451428,6.9416762997297825,12.628162525145134,29.207575100546507,ref0->candidate0; ref1->candidate1; ref2->candidate2
19,9999999,1,500.0,500.0,60,3,../build/logs/final_experiments/3_relays_high-high_pso/2026-09-28_21-00-32.log,0.661111,Naive-RF,../build/logs/final_experiments/3_relays_high-high_RF_12c_hy1_naive/2026-09-29_02-27-06.log,order_only,0.577778,0.566956,OMNeT++,0.577778,Final global best fitness (Naive-RF final OMNeT++ run),-0.08333299999999999,0.010821999999999998,31.182289978639094,34.738666703641144,52.48083787479007,4.4098417393642055,17.435921652689938,13.01865757598629,ref0->candidate1; ref1->candidate2; ref2->candidate0
20,420,1,500.0,500.0,60,3,../build/logs/final_experiments/3_relays_high-high_pso/2026-09-28_21-10-23.log,0.561111,PSO-RF,../build/logs/final_experiments/3_relays_high-high_RF_12c_hy1_pso/2026-09-29_00-55-13.log,verified_nodes,0.555504,0.555504,RF or hybrid optimizer output; may be predicted,0.516667,Simulation of the best surrogate solution results: 0.516667,-0.04444400000000004,-0.03883700000000001,42.82945903317016,46.41755423691201,67.91553345148667,6.05700018338121,26.941065929239812,37.91456531441745,ref0->candidate0; ref1->candidate1; ref2->candidate2
20,420,1,500.0,500.0,60,3,../build/logs/final_experiments/3_relays_high-high_pso/2026-09-28_21-10-23.log,0.561111,Hybrid,../build/logs/final_experiments/3_relays_high-high_RF_12c_hy1_hybrid/2026-09-29_01-57-11.log,verified_nodes,0.561111,0.561111,RF or hybrid optimizer output; may be predicted,0.561111,Simulation of the best surrogate solution results: 0.561111,0.0,0.0,12.67099485509496,13.1362303375055,15.990973686426974,1.7919492772835002,6.969704688646307,2.2131727783801693,ref0->candidate0; ref1->candidate1; ref2->candidate2
20,420,1,500.0,500.0,60,3,../build/logs/final_experiments/3_relays_high-high_pso/2026-09-28_21-10-23.log,0.561111,Naive-Sim,../build/logs/final_experiments/3_relays_high-high_naive/2026-09-28_23-27-13.log,order_only,0.55,,OMNeT++,0.55,Final global best fitness (simulation backend),-0.011110999999999982,,76.27916172777662,84.62903250953539,127.94917457529766,10.787502504187243,17.647695979537957,2.1539561495023634,ref0->candidate2; ref1->candidate0; ref2->candidate1
20,420,1,500.0,500.0,60,3,../build/logs/final_experiments/3_relays_high-high_pso/2026-09-28_21-10-23.log,0.561111,Naive-RF,../build/logs/final_experiments/3_relays_high-high_RF_12c_hy1_naive/2026-09-29_02-27-42.log,order_only,0.516667,0.546403,OMNeT++,0.516667,Final global best fitness (Naive-RF final OMNeT++ run),-0.04444400000000004,-0.029735999999999985,77.32332867145254,78.54901597433711,96.61203641886448,10.935170009500059,13.873203284156526,14.288973410628776,ref0->candidate0; ref1->candidate2; ref2->candidate1
21,111111111,1,500.0,500.0,60,3,../build/logs/final_experiments/3_relays_high-high_pso/2026-09-28_21-20-25.log,0.658333,PSO-RF,../build/logs/final_experiments/3_relays_high-high_RF_12c_hy1_pso/2026-09-29_00-55-51.log,verified_nodes,0.574182,0.574182,RF or hybrid optimizer output; may be predicted,0.675,Simulation of the best surrogate solution results: 0.675,0.0166670000000001,0.10081800000000007,38.57877995217959,47.125441231709786,72.46812497229385,5.455863382817964,8.316129655051915,14.14993610149036,ref0->candidate0; ref1->candidate1; ref2->candidate2
21,111111111,1,500.0,500.0,60,3,../build/logs/final_experiments/3_relays_high-high_pso/2026-09-28_21-20-25.log,0.658333,Hybrid,../build/logs/final_experiments/3_relays_high-high_RF_12c_hy1_hybrid/2026-09-29_02-00-17.log,verified_nodes,0.677778,0.677778,RF or hybrid optimizer output; may be predicted,0.677778,Simulation of the best surrogate solution results: 0.677778,0.019445000000000046,0.0,19.111311791567527,22.07288522154123,34.679890253574904,2.702747633037565,13.546082644084123,8.277052431607208,ref0->candidate0; ref1->candidate1; ref2->candidate2
21,111111111,1,500.0,500.0,60,3,../build/logs/final_experiments/3_relays_high-high_pso/2026-09-28_21-20-25.log,0.658333,Naive-Sim,../build/logs/final_experiments/3_relays_high-high_naive/2026-09-28_23-37-25.log,order_only,0.605556,,OMNeT++,0.605556,Final global best fitness (simulation backend),-0.05277699999999996,,48.6733139917705,49.72728795557493,62.57112560918174,6.883446077280597,35.60056408090855,30.71257292075349,ref0->candidate0; ref1->candidate1; ref2->candidate2
21,111111111,1,500.0,500.0,60,3,../build/logs/final_experiments/3_relays_high-high_pso/2026-09-28_21-20-25.log,0.658333,Naive-RF,../build/logs/final_experiments/3_relays_high-high_RF_12c_hy1_naive/2026-09-29_02-28-18.log,order_only,0.538889,0.56052,OMNeT++,0.538889,Final global best fitness (Naive-RF final OMNeT++ run),-0.119444,-0.021631000000000067,80.12012363170551,81.09875971390274,89.4586422935202,11.330696545896703,3.7375669748510725,31.60631881947992,ref0->candidate2; ref1->candidate0; ref2->candidate1
22,3593483279,1,500.0,500.0,60,3,../build/logs/final_experiments/3_relays_high-high_pso/2026-09-28_21-31-18.log,0.583333,PSO-RF,../build/logs/final_experiments/3_relays_high-high_RF_12c_hy1_pso/2026-09-29_00-56-27.log,verified_nodes,0.562798,0.562798,RF or hybrid optimizer output; may be predicted,0.494444,Simulation of the best surrogate solution results: 0.494444,-0.088889,-0.06835400000000003,72.49947773265217,77.1752591004181,109.6467110769858,10.25297446744829,46.95184509298241,42.32374451673658,ref0->candidate2; ref1->candidate1; ref2->candidate0
22,3593483279,1,500.0,500.0,60,3,../build/logs/final_experiments/3_relays_high-high_pso/2026-09-28_21-31-18.log,0.583333,Hybrid,../build/logs/final_experiments/3_relays_high-high_RF_12c_hy1_hybrid/2026-09-29_02-03-34.log,verified_nodes,0.586111,0.586111,RF or hybrid optimizer output; may be predicted,0.586111,Simulation of the best surrogate solution results: 0.586111,0.002778000000000058,0.0,69.75492132888586,102.38659398445024,174.22425690184474,9.864835578557866,37.71565872642037,36.41294692239063,ref0->candidate0; ref1->candidate1; ref2->candidate2
22,3593483279,1,500.0,500.0,60,3,../build/logs/final_experiments/3_relays_high-high_pso/2026-09-28_21-31-18.log,0.583333,Naive-Sim,../build/logs/final_experiments/3_relays_high-high_naive/2026-09-28_23-47-25.log,order_only,0.552778,,OMNeT++,0.552778,Final global best fitness (simulation backend),-0.030555,,64.78422343670631,72.88839687046678,89.81778456964972,9.161872741199899,29.33583003703821,30.949427058978888,ref0->candidate0; ref1->candidate2; ref2->candidate1
22,3593483279,1,500.0,500.0,60,3,../build/logs/final_experiments/3_relays_high-high_pso/2026-09-28_21-31-18.log,0.583333,Naive-RF,../build/logs/final_experiments/3_relays_high-high_RF_12c_hy1_naive/2026-09-29_02-28-56.log,order_only,0.530556,0.571771,OMNeT++,0.530556,Final global best fitness (Naive-RF final OMNeT++ run),-0.05277699999999996,-0.041215,114.56250644268705,147.46768237930416,245.87843488195546,16.20158503507031,44.3551457992082,54.808973475683494,ref0->candidate2; ref1->candidate1; ref2->candidate0
23,8787617,1,500.0,500.0,60,3,../build/logs/final_experiments/3_relays_high-high_pso/2026-09-28_21-41-33.log,0.605556,PSO-RF,../build/logs/final_experiments/3_relays_high-high_RF_12c_hy1_pso/2026-09-29_00-57-06.log,verified_nodes,0.569655,0.569655,RF or hybrid optimizer output; may be predicted,0.519444,Simulation of the best surrogate solution results: 0.519444,-0.08611199999999997,-0.050211000000000006,74.45439013812783,83.71211903304881,128.56981750006491,10.5294408311558,13.481601664014855,38.02797206222268,ref0->candidate0; ref1->candidate1; ref2->candidate2
23,8787617,1,500.0,500.0,60,3,../build/logs/final_experiments/3_relays_high-high_pso/2026-09-28_21-41-33.log,0.605556,Hybrid,../build/logs/final_experiments/3_relays_high-high_RF_12c_hy1_hybrid/2026-09-29_02-06-36.log,verified_nodes,0.602778,0.602778,RF or hybrid optimizer output; may be predicted,0.602778,Simulation of the best surrogate solution results: 0.602778,-0.002777999999999947,0.0,30.666622658486375,31.738881921128435,41.56178930219438,4.336915367580949,8.55304636987727,25.411051879433654,ref0->candidate0; ref1->candidate1; ref2->candidate2
23,8787617,1,500.0,500.0,60,3,../build/logs/final_experiments/3_relays_high-high_pso/2026-09-28_21-41-33.log,0.605556,Naive-Sim,../build/logs/final_experiments/3_relays_high-high_naive/2026-09-28_23-57-25.log,order_only,0.588889,,OMNeT++,0.588889,Final global best fitness (simulation backend),-0.016666999999999987,,41.440611712430375,45.8963424400391,69.31162343445723,5.860587511675636,2.966661580020466,18.05539688200771,ref0->candidate1; ref1->candidate2; ref2->candidate0
23,8787617,1,500.0,500.0,60,3,../build/logs/final_experiments/3_relays_high-high_pso/2026-09-28_21-41-33.log,0.605556,Naive-RF,../build/logs/final_experiments/3_relays_high-high_RF_12c_hy1_naive/2026-09-29_02-29-36.log,order_only,0.588889,0.557737,OMNeT++,0.588889,Final global best fitness (Naive-RF final OMNeT++ run),-0.016666999999999987,0.031151999999999958,41.440611712430375,45.8963424400391,69.31162343445723,5.860587511675636,2.966661580020466,18.05539688200771,ref0->candidate1; ref1->candidate2; ref2->candidate0
24,22061998,1,500.0,500.0,60,3,../build/logs/final_experiments/3_relays_high-high_pso/2026-09-28_21-52-02.log,0.575,PSO-RF,../build/logs/final_experiments/3_relays_high-high_RF_12c_hy1_pso/2026-09-29_00-57-45.log,verified_nodes,0.539631,0.539631,RF or hybrid optimizer output; may be predicted,0.522222,Simulation of the best surrogate solution results: 0.522222,-0.05277799999999999,-0.017409000000000008,62.05286721211069,81.88413849918268,132.8624585577506,8.775600639550367,25.270419213681823,27.76495203632525,ref0->candidate0; ref1->candidate1; ref2->candidate2
24,22061998,1,500.0,500.0,60,3,../build/logs/final_experiments/3_relays_high-high_pso/2026-09-28_21-52-02.log,0.575,Hybrid,../build/logs/final_experiments/3_relays_high-high_RF_12c_hy1_hybrid/2026-09-29_02-09-26.log,verified_nodes,0.552778,0.552778,RF or hybrid optimizer output; may be predicted,0.552778,Simulation of the best surrogate solution results: 0.552778,-0.022221999999999964,0.0,74.45385246441161,94.51827130595791,156.58682762288788,10.529364792609638,24.348089827712347,44.44532483041339,ref0->candidate0; ref1->candidate1; ref2->candidate2
24,22061998,1,500.0,500.0,60,3,../build/logs/final_experiments/3_relays_high-high_pso/2026-09-28_21-52-02.log,0.575,Naive-Sim,../build/logs/final_experiments/3_relays_high-high_naive/2026-09-29_00-07-28.log,order_only,0.563889,,OMNeT++,0.563889,Final global best fitness (simulation backend),-0.011110999999999982,,91.11540199736392,105.0742109477868,143.33901967712768,12.885663724574863,32.905207727967046,29.418167138382312,ref0->candidate2; ref1->candidate0; ref2->candidate1
24,22061998,1,500.0,500.0,60,3,../build/logs/final_experiments/3_relays_high-high_pso/2026-09-28_21-52-02.log,0.575,Naive-RF,../build/logs/final_experiments/3_relays_high-high_RF_12c_hy1_naive/2026-09-29_02-30-15.log,order_only,0.538889,0.52068,OMNeT++,0.538889,Final global best fitness (Naive-RF final OMNeT++ run),-0.036111000000000004,0.01820899999999992,133.81007574160319,153.69716170579295,237.8530921325178,18.923602389594627,10.835245452149394,38.75196746542917,ref0->candidate0; ref1->candidate2; ref2->candidate1
25,10062002,1,500.0,500.0,60,3,../build/logs/final_experiments/3_relays_high-high_pso/2026-09-28_22-02-41.log,0.619444,PSO-RF,../build/logs/final_experiments/3_relays_high-high_RF_12c_hy1_pso/2026-09-29_00-58-23.log,verified_nodes,0.565309,0.565309,RF or hybrid optimizer output; may be predicted,0.55,Simulation of the best surrogate solution results: 0.55,-0.06944399999999995,-0.015308999999999906,88.16945537632931,99.43955712936041,147.92798389757093,12.46904395802543,53.91340548299765,53.169701044412,ref0->candidate0; ref1->candidate1; ref2->candidate2
25,10062002,1,500.0,500.0,60,3,../build/logs/final_experiments/3_relays_high-high_pso/2026-09-28_22-02-41.log,0.619444,Hybrid,../build/logs/final_experiments/3_relays_high-high_RF_12c_hy1_hybrid/2026-09-29_02-12-11.log,verified_nodes,0.633333,0.633333,RF or hybrid optimizer output; may be predicted,0.633333,Simulation of the best surrogate solution results: 0.633333,0.01388900000000004,0.0,38.260078057293725,46.41273337436614,73.94404289731528,5.410792128607804,14.000787616204349,28.393465415689878,ref0->candidate0; ref1->candidate1; ref2->candidate2
25,10062002,1,500.0,500.0,60,3,../build/logs/final_experiments/3_relays_high-high_pso/2026-09-28_22-02-41.log,0.619444,Naive-Sim,../build/logs/final_experiments/3_relays_high-high_naive/2026-09-29_00-18-07.log,order_only,0.622222,,OMNeT++,0.622222,Final global best fitness (simulation backend),0.002778000000000058,,49.98772245918817,56.52159447809896,76.0712245267552,7.069331505392607,19.533471895336657,26.424147126461122,ref0->candidate2; ref1->candidate1; ref2->candidate0
25,10062002,1,500.0,500.0,60,3,../build/logs/final_experiments/3_relays_high-high_pso/2026-09-28_22-02-41.log,0.619444,Naive-RF,../build/logs/final_experiments/3_relays_high-high_RF_12c_hy1_naive/2026-09-29_02-30-53.log,order_only,0.555556,0.56132,OMNeT++,0.555556,Final global best fitness (Naive-RF final OMNeT++ run),-0.06388799999999994,-0.005763999999999991,77.40250486617536,111.89023982857783,191.42376559873645,10.946367214339467,31.623271449314814,46.144579195075,ref0->candidate2; ref1->candidate1; ref2->candidate0
