scenario_number,method,pso_sim_log,method_log,pso_sim_pdr,method_pdr,signed_difference_pdr,absolute_difference_pdr,signed_difference_pp,absolute_difference_pp,pdr_source
1,PSO-RF,../build/logs/final_experiments/3_relays_high-high_pso/2026-09-23_07-15-18.log,../build/logs/final_experiments/3_relays_high-high_RF_12c_hy1_pso/2026-09-29_02-58-31.log,0.575,0.580556,0.005556000000000005,0.005556000000000005,0.5556000000000005,0.5556000000000005,Simulation of the best surrogate solution results: 0.580556
1,Hybrid,../build/logs/final_experiments/3_relays_high-high_pso/2026-09-23_07-15-18.log,../build/logs/final_experiments/3_relays_high-high_RF_12c_hy1_hybrid/2026-09-29_03-15-19.log,0.575,0.575,0.0,0.0,0.0,0.0,Simulation of the best surrogate solution results: 0.575
1,Naive-Sim,../build/logs/final_experiments/3_relays_high-high_pso/2026-09-23_07-15-18.log,../build/logs/final_experiments/3_relays_high-high_naive/2026-09-23_07-25-56.log,0.575,0.547222,-0.02777799999999997,0.02777799999999997,-2.777799999999997,2.777799999999997,Final global best fitness
1,Naive-RF,../build/logs/final_experiments/3_relays_high-high_pso/2026-09-23_07-15-18.log,../build/logs/final_experiments/3_relays_high-high_RF_12c_hy1_naive/2026-09-29_04-21-51.log,0.575,0.547222,-0.02777799999999997,0.02777799999999997,-2.777799999999997,2.777799999999997,Final global best fitness (Naive-RF final simulation)
2,PSO-RF,../build/logs/final_experiments/3_relays_high-high_pso/2026-09-23_07-35-16.log,../build/logs/final_experiments/3_relays_high-high_RF_12c_hy1_pso/2026-09-29_02-59-10.log,0.577778,0.522222,-0.05555600000000005,0.05555600000000005,-5.555600000000005,5.555600000000005,Simulation of the best surrogate solution results: 0.522222
2,Hybrid,../build/logs/final_experiments/3_relays_high-high_pso/2026-09-23_07-35-16.log,../build/logs/final_experiments/3_relays_high-high_RF_12c_hy1_hybrid/2026-09-29_03-18-12.log,0.577778,0.486111,-0.091667,0.091667,-9.1667,9.1667,Simulation of the best surrogate solution results: 0.486111
2,Naive-Sim,../build/logs/final_experiments/3_relays_high-high_pso/2026-09-23_07-35-16.log,../build/logs/final_experiments/3_relays_high-high_naive/2026-09-23_07-46-15.log,0.577778,0.541667,-0.036111000000000004,0.036111000000000004,-3.6111000000000004,3.6111000000000004,Final global best fitness
2,Naive-RF,../build/logs/final_experiments/3_relays_high-high_pso/2026-09-23_07-35-16.log,../build/logs/final_experiments/3_relays_high-high_RF_12c_hy1_naive/2026-09-29_04-22-25.log,0.577778,0.488889,-0.088889,0.088889,-8.8889,8.8889,Final global best fitness (Naive-RF final simulation)
3,PSO-RF,../build/logs/final_experiments/3_relays_high-high_pso/2026-09-23_07-55-39.log,../build/logs/final_experiments/3_relays_high-high_RF_12c_hy1_pso/2026-09-29_02-59-50.log,0.616667,0.597222,-0.019444999999999935,0.019444999999999935,-1.9444999999999935,1.9444999999999935,Simulation of the best surrogate solution results: 0.597222
3,Hybrid,../build/logs/final_experiments/3_relays_high-high_pso/2026-09-23_07-55-39.log,../build/logs/final_experiments/3_relays_high-high_RF_12c_hy1_hybrid/2026-09-29_03-21-00.log,0.616667,0.586111,-0.030555999999999917,0.030555999999999917,-3.0555999999999917,3.0555999999999917,Simulation of the best surrogate solution results: 0.586111
3,Naive-Sim,../build/logs/final_experiments/3_relays_high-high_pso/2026-09-23_07-55-39.log,../build/logs/final_experiments/3_relays_high-high_naive/2026-09-23_08-06-47.log,0.616667,0.583333,-0.033333999999999975,0.033333999999999975,-3.3333999999999975,3.3333999999999975,Final global best fitness
3,Naive-RF,../build/logs/final_experiments/3_relays_high-high_pso/2026-09-23_07-55-39.log,../build/logs/final_experiments/3_relays_high-high_RF_12c_hy1_naive/2026-09-29_04-22-59.log,0.616667,0.55,-0.06666699999999992,0.06666699999999992,-6.666699999999992,6.666699999999992,Final global best fitness (Naive-RF final simulation)
4,PSO-RF,../build/logs/final_experiments/3_relays_high-high_pso/2026-09-23_08-16-16.log,../build/logs/final_experiments/3_relays_high-high_RF_12c_hy1_pso/2026-09-29_03-00-27.log,0.6,0.55,-0.04999999999999993,0.04999999999999993,-4.999999999999993,4.999999999999993,Simulation of the best surrogate solution results: 0.55
4,Hybrid,../build/logs/final_experiments/3_relays_high-high_pso/2026-09-23_08-16-16.log,../build/logs/final_experiments/3_relays_high-high_RF_12c_hy1_hybrid/2026-09-29_03-23-54.log,0.6,0.569444,-0.030556000000000028,0.030556000000000028,-3.0556000000000028,3.0556000000000028,Simulation of the best surrogate solution results: 0.569444
4,Naive-Sim,../build/logs/final_experiments/3_relays_high-high_pso/2026-09-23_08-16-16.log,../build/logs/final_experiments/3_relays_high-high_naive/2026-09-23_08-27-12.log,0.6,0.555556,-0.04444399999999993,0.04444399999999993,-4.444399999999993,4.444399999999993,Final global best fitness
4,Naive-RF,../build/logs/final_experiments/3_relays_high-high_pso/2026-09-23_08-16-16.log,../build/logs/final_experiments/3_relays_high-high_RF_12c_hy1_naive/2026-09-29_04-23-33.log,0.6,0.544444,-0.05555599999999994,0.05555599999999994,-5.555599999999994,5.555599999999994,Final global best fitness (Naive-RF final simulation)
5,PSO-RF,../build/logs/final_experiments/3_relays_high-high_pso/2026-09-23_08-36-31.log,../build/logs/final_experiments/3_relays_high-high_RF_12c_hy1_pso/2026-09-29_03-01-09.log,0.636111,0.577778,-0.05833299999999997,0.05833299999999997,-5.833299999999997,5.833299999999997,Simulation of the best surrogate solution results: 0.577778
5,Hybrid,../build/logs/final_experiments/3_relays_high-high_pso/2026-09-23_08-36-31.log,../build/logs/final_experiments/3_relays_high-high_RF_12c_hy1_hybrid/2026-09-29_03-26-36.log,0.636111,0.591667,-0.04444399999999993,0.04444399999999993,-4.444399999999993,4.444399999999993,Simulation of the best surrogate solution results: 0.591667
5,Naive-Sim,../build/logs/final_experiments/3_relays_high-high_pso/2026-09-23_08-36-31.log,../build/logs/final_experiments/3_relays_high-high_naive/2026-09-23_08-47-25.log,0.636111,0.608333,-0.02777799999999997,0.02777799999999997,-2.777799999999997,2.777799999999997,Final global best fitness
5,Naive-RF,../build/logs/final_experiments/3_relays_high-high_pso/2026-09-23_08-36-31.log,../build/logs/final_experiments/3_relays_high-high_RF_12c_hy1_naive/2026-09-29_04-24-07.log,0.636111,0.591667,-0.04444399999999993,0.04444399999999993,-4.444399999999993,4.444399999999993,Final global best fitness (Naive-RF final simulation)
6,PSO-RF,../build/logs/final_experiments/3_relays_high-high_pso/2026-09-23_08-57-07.log,../build/logs/final_experiments/3_relays_high-high_RF_12c_hy1_pso/2026-09-29_03-01-54.log,0.588889,0.555556,-0.033332999999999946,0.033332999999999946,-3.3332999999999946,3.3332999999999946,Simulation of the best surrogate solution results: 0.555556
6,Hybrid,../build/logs/final_experiments/3_relays_high-high_pso/2026-09-23_08-57-07.log,../build/logs/final_experiments/3_relays_high-high_RF_12c_hy1_hybrid/2026-09-29_03-29-23.log,0.588889,0.538889,-0.050000000000000044,0.050000000000000044,-5.000000000000004,5.000000000000004,Simulation of the best surrogate solution results: 0.538889
6,Naive-Sim,../build/logs/final_experiments/3_relays_high-high_pso/2026-09-23_08-57-07.log,../build/logs/final_experiments/3_relays_high-high_naive/2026-09-23_09-08-17.log,0.588889,0.577778,-0.011110999999999982,0.011110999999999982,-1.1110999999999982,1.1110999999999982,Final global best fitness
6,Naive-RF,../build/logs/final_experiments/3_relays_high-high_pso/2026-09-23_08-57-07.log,../build/logs/final_experiments/3_relays_high-high_RF_12c_hy1_naive/2026-09-29_04-24-41.log,0.588889,0.497222,-0.091667,0.091667,-9.1667,9.1667,Final global best fitness (Naive-RF final simulation)
7,PSO-RF,../build/logs/final_experiments/3_relays_high-high_pso/2026-09-23_09-17-37.log,../build/logs/final_experiments/3_relays_high-high_RF_12c_hy1_pso/2026-09-29_03-02-39.log,0.647222,0.602778,-0.04444399999999993,0.04444399999999993,-4.444399999999993,4.444399999999993,Simulation of the best surrogate solution results: 0.602778
7,Hybrid,../build/logs/final_experiments/3_relays_high-high_pso/2026-09-23_09-17-37.log,../build/logs/final_experiments/3_relays_high-high_RF_12c_hy1_hybrid/2026-09-29_03-32-10.log,0.647222,0.597222,-0.04999999999999993,0.04999999999999993,-4.999999999999993,4.999999999999993,Simulation of the best surrogate solution results: 0.597222
7,Naive-Sim,../build/logs/final_experiments/3_relays_high-high_pso/2026-09-23_09-17-37.log,../build/logs/final_experiments/3_relays_high-high_naive/2026-09-23_09-29-11.log,0.647222,0.591667,-0.05555499999999991,0.05555499999999991,-5.5554999999999914,5.5554999999999914,Final global best fitness
7,Naive-RF,../build/logs/final_experiments/3_relays_high-high_pso/2026-09-23_09-17-37.log,../build/logs/final_experiments/3_relays_high-high_RF_12c_hy1_naive/2026-09-29_04-25-15.log,0.647222,0.586111,-0.061110999999999915,0.061110999999999915,-6.1110999999999915,6.1110999999999915,Final global best fitness (Naive-RF final simulation)
8,PSO-RF,../build/logs/final_experiments/3_relays_high-high_pso/2026-09-23_09-38-22.log,../build/logs/final_experiments/3_relays_high-high_RF_12c_hy1_pso/2026-09-29_03-03-17.log,0.680556,0.638889,-0.04166700000000001,0.04166700000000001,-4.1667000000000005,4.1667000000000005,Simulation of the best surrogate solution results: 0.638889
8,Hybrid,../build/logs/final_experiments/3_relays_high-high_pso/2026-09-23_09-38-22.log,../build/logs/final_experiments/3_relays_high-high_RF_12c_hy1_hybrid/2026-09-29_03-34-58.log,0.680556,0.663889,-0.0166670000000001,0.0166670000000001,-1.6667000000000098,1.6667000000000098,Simulation of the best surrogate solution results: 0.663889
8,Naive-Sim,../build/logs/final_experiments/3_relays_high-high_pso/2026-09-23_09-38-22.log,../build/logs/final_experiments/3_relays_high-high_naive/2026-09-23_09-49-30.log,0.680556,0.586111,-0.094445,0.094445,-9.4445,9.4445,Final global best fitness
8,Naive-RF,../build/logs/final_experiments/3_relays_high-high_pso/2026-09-23_09-38-22.log,../build/logs/final_experiments/3_relays_high-high_RF_12c_hy1_naive/2026-09-29_04-25-49.log,0.680556,0.566667,-0.11388900000000002,0.11388900000000002,-11.388900000000001,11.388900000000001,Final global best fitness (Naive-RF final simulation)
9,PSO-RF,../build/logs/final_experiments/3_relays_high-high_pso/2026-09-23_09-58-49.log,../build/logs/final_experiments/3_relays_high-high_RF_12c_hy1_pso/2026-09-29_03-03-57.log,0.625,0.572222,-0.05277799999999999,0.05277799999999999,-5.277799999999999,5.277799999999999,Simulation of the best surrogate solution results: 0.572222
9,Hybrid,../build/logs/final_experiments/3_relays_high-high_pso/2026-09-23_09-58-49.log,../build/logs/final_experiments/3_relays_high-high_RF_12c_hy1_hybrid/2026-09-29_03-37-55.log,0.625,0.566667,-0.05833299999999997,0.05833299999999997,-5.833299999999997,5.833299999999997,Simulation of the best surrogate solution results: 0.566667
9,Naive-Sim,../build/logs/final_experiments/3_relays_high-high_pso/2026-09-23_09-58-49.log,../build/logs/final_experiments/3_relays_high-high_naive/2026-09-23_10-09-55.log,0.625,0.575,-0.050000000000000044,0.050000000000000044,-5.000000000000004,5.000000000000004,Final global best fitness
9,Naive-RF,../build/logs/final_experiments/3_relays_high-high_pso/2026-09-23_09-58-49.log,../build/logs/final_experiments/3_relays_high-high_RF_12c_hy1_naive/2026-09-29_04-26-22.log,0.625,0.552778,-0.07222200000000001,0.07222200000000001,-7.222200000000001,7.222200000000001,Final global best fitness (Naive-RF final simulation)
10,PSO-RF,../build/logs/final_experiments/3_relays_high-high_pso/2026-09-23_10-19-05.log,../build/logs/final_experiments/3_relays_high-high_RF_12c_hy1_pso/2026-09-29_03-04-33.log,0.636111,0.597222,-0.03888899999999995,0.03888899999999995,-3.888899999999995,3.888899999999995,Simulation of the best surrogate solution results: 0.597222
10,Hybrid,../build/logs/final_experiments/3_relays_high-high_pso/2026-09-23_10-19-05.log,../build/logs/final_experiments/3_relays_high-high_RF_12c_hy1_hybrid/2026-09-29_03-40-44.log,0.636111,0.588889,-0.047221999999999986,0.047221999999999986,-4.722199999999999,4.722199999999999,Simulation of the best surrogate solution results: 0.588889
10,Naive-Sim,../build/logs/final_experiments/3_relays_high-high_pso/2026-09-23_10-19-05.log,../build/logs/final_experiments/3_relays_high-high_naive/2026-09-23_10-29-59.log,0.636111,0.580556,-0.05555500000000002,0.05555500000000002,-5.555500000000002,5.555500000000002,Final global best fitness
10,Naive-RF,../build/logs/final_experiments/3_relays_high-high_pso/2026-09-23_10-19-05.log,../build/logs/final_experiments/3_relays_high-high_RF_12c_hy1_naive/2026-09-29_04-26-57.log,0.636111,0.55,-0.08611099999999994,0.08611099999999994,-8.611099999999993,8.611099999999993,Final global best fitness (Naive-RF final simulation)
11,PSO-RF,../build/logs/final_experiments/3_relays_high-high_pso/2026-09-23_10-39-17.log,../build/logs/final_experiments/3_relays_high-high_RF_12c_hy1_pso/2026-09-29_03-05-12.log,0.6,0.591667,-0.008332999999999924,0.008332999999999924,-0.8332999999999924,0.8332999999999924,Simulation of the best surrogate solution results: 0.591667
11,Hybrid,../build/logs/final_experiments/3_relays_high-high_pso/2026-09-23_10-39-17.log,../build/logs/final_experiments/3_relays_high-high_RF_12c_hy1_hybrid/2026-09-29_03-43-20.log,0.6,0.602778,0.002778000000000058,0.002778000000000058,0.2778000000000058,0.2778000000000058,Simulation of the best surrogate solution results: 0.602778
11,Naive-Sim,../build/logs/final_experiments/3_relays_high-high_pso/2026-09-23_10-39-17.log,../build/logs/final_experiments/3_relays_high-high_naive/2026-09-23_10-49-46.log,0.6,0.580556,-0.019444000000000017,0.019444000000000017,-1.9444000000000017,1.9444000000000017,Final global best fitness
11,Naive-RF,../build/logs/final_experiments/3_relays_high-high_pso/2026-09-23_10-39-17.log,../build/logs/final_experiments/3_relays_high-high_RF_12c_hy1_naive/2026-09-29_04-27-30.log,0.6,0.577778,-0.022221999999999964,0.022221999999999964,-2.2221999999999964,2.2221999999999964,Final global best fitness (Naive-RF final simulation)
12,PSO-RF,../build/logs/final_experiments/3_relays_high-high_pso/2026-09-23_10-58-45.log,../build/logs/final_experiments/3_relays_high-high_RF_12c_hy1_pso/2026-09-29_03-05-52.log,0.625,0.586111,-0.03888899999999995,0.03888899999999995,-3.888899999999995,3.888899999999995,Simulation of the best surrogate solution results: 0.586111
12,Hybrid,../build/logs/final_experiments/3_relays_high-high_pso/2026-09-23_10-58-45.log,../build/logs/final_experiments/3_relays_high-high_RF_12c_hy1_hybrid/2026-09-29_03-45-50.log,0.625,0.611111,-0.01388900000000004,0.01388900000000004,-1.388900000000004,1.388900000000004,Simulation of the best surrogate solution results: 0.611111
12,Naive-Sim,../build/logs/final_experiments/3_relays_high-high_pso/2026-09-23_10-58-45.log,../build/logs/final_experiments/3_relays_high-high_naive/2026-09-23_11-10-12.log,0.625,0.613889,-0.011110999999999982,0.011110999999999982,-1.1110999999999982,1.1110999999999982,Final global best fitness
12,Naive-RF,../build/logs/final_experiments/3_relays_high-high_pso/2026-09-23_10-58-45.log,../build/logs/final_experiments/3_relays_high-high_RF_12c_hy1_naive/2026-09-29_04-28-05.log,0.625,0.608333,-0.016666999999999987,0.016666999999999987,-1.6666999999999987,1.6666999999999987,Final global best fitness (Naive-RF final simulation)
13,PSO-RF,../build/logs/final_experiments/3_relays_high-high_pso/2026-09-28_19-55-07.log,../build/logs/final_experiments/3_relays_high-high_RF_12c_hy1_pso/2026-09-29_03-06-29.log,0.638889,0.566667,-0.07222200000000001,0.07222200000000001,-7.222200000000001,7.222200000000001,Simulation of the best surrogate solution results: 0.566667
13,Hybrid,../build/logs/final_experiments/3_relays_high-high_pso/2026-09-28_19-55-07.log,../build/logs/final_experiments/3_relays_high-high_RF_12c_hy1_hybrid/2026-09-29_03-48-21.log,0.638889,0.602778,-0.036111000000000004,0.036111000000000004,-3.6111000000000004,3.6111000000000004,Simulation of the best surrogate solution results: 0.602778
13,Naive-Sim,../build/logs/final_experiments/3_relays_high-high_pso/2026-09-28_19-55-07.log,../build/logs/final_experiments/3_relays_high-high_naive/2026-09-28_22-14-47.log,0.638889,0.586111,-0.05277799999999999,0.05277799999999999,-5.277799999999999,5.277799999999999,Final global best fitness
13,Naive-RF,../build/logs/final_experiments/3_relays_high-high_pso/2026-09-28_19-55-07.log,../build/logs/final_experiments/3_relays_high-high_RF_12c_hy1_naive/2026-09-29_04-28-39.log,0.638889,0.561111,-0.07777800000000001,0.07777800000000001,-7.777800000000001,7.777800000000001,Final global best fitness (Naive-RF final simulation)
14,PSO-RF,../build/logs/final_experiments/3_relays_high-high_pso/2026-09-28_20-06-12.log,../build/logs/final_experiments/3_relays_high-high_RF_12c_hy1_pso/2026-09-29_03-07-07.log,0.552778,0.491667,-0.06111099999999997,0.06111099999999997,-6.111099999999997,6.111099999999997,Simulation of the best surrogate solution results: 0.491667
14,Hybrid,../build/logs/final_experiments/3_relays_high-high_pso/2026-09-28_20-06-12.log,../build/logs/final_experiments/3_relays_high-high_RF_12c_hy1_hybrid/2026-09-29_03-50-56.log,0.552778,0.536111,-0.016666999999999987,0.016666999999999987,-1.6666999999999987,1.6666999999999987,Simulation of the best surrogate solution results: 0.536111
14,Naive-Sim,../build/logs/final_experiments/3_relays_high-high_pso/2026-09-28_20-06-12.log,../build/logs/final_experiments/3_relays_high-high_naive/2026-09-28_22-25-22.log,0.552778,0.538889,-0.01388900000000004,0.01388900000000004,-1.388900000000004,1.388900000000004,Final global best fitness
14,Naive-RF,../build/logs/final_experiments/3_relays_high-high_pso/2026-09-28_20-06-12.log,../build/logs/final_experiments/3_relays_high-high_RF_12c_hy1_naive/2026-09-29_04-29-13.log,0.552778,0.511111,-0.04166700000000001,0.04166700000000001,-4.1667000000000005,4.1667000000000005,Final global best fitness (Naive-RF final simulation)
15,PSO-RF,../build/logs/final_experiments/3_relays_high-high_pso/2026-09-28_20-17-24.log,../build/logs/final_experiments/3_relays_high-high_RF_12c_hy1_pso/2026-09-29_03-07-47.log,0.619444,0.530556,-0.08888799999999997,0.08888799999999997,-8.888799999999996,8.888799999999996,Simulation of the best surrogate solution results: 0.530556
15,Hybrid,../build/logs/final_experiments/3_relays_high-high_pso/2026-09-28_20-17-24.log,../build/logs/final_experiments/3_relays_high-high_RF_12c_hy1_hybrid/2026-09-29_03-53-26.log,0.619444,0.555556,-0.06388799999999994,0.06388799999999994,-6.3887999999999945,6.3887999999999945,Simulation of the best surrogate solution results: 0.555556
15,Naive-Sim,../build/logs/final_experiments/3_relays_high-high_pso/2026-09-28_20-17-24.log,../build/logs/final_experiments/3_relays_high-high_naive/2026-09-28_22-35-45.log,0.619444,0.569444,-0.050000000000000044,0.050000000000000044,-5.000000000000004,5.000000000000004,Final global best fitness
15,Naive-RF,../build/logs/final_experiments/3_relays_high-high_pso/2026-09-28_20-17-24.log,../build/logs/final_experiments/3_relays_high-high_RF_12c_hy1_naive/2026-09-29_04-29-47.log,0.619444,0.55,-0.06944399999999995,0.06944399999999995,-6.944399999999995,6.944399999999995,Final global best fitness (Naive-RF final simulation)
16,PSO-RF,../build/logs/final_experiments/3_relays_high-high_pso/2026-09-28_20-29-03.log,../build/logs/final_experiments/3_relays_high-high_RF_12c_hy1_pso/2026-09-29_03-08-25.log,0.683333,0.597222,-0.08611099999999994,0.08611099999999994,-8.611099999999993,8.611099999999993,Simulation of the best surrogate solution results: 0.597222
16,Hybrid,../build/logs/final_experiments/3_relays_high-high_pso/2026-09-28_20-29-03.log,../build/logs/final_experiments/3_relays_high-high_RF_12c_hy1_hybrid/2026-09-29_03-55-57.log,0.683333,0.602778,-0.08055499999999993,0.08055499999999993,-8.055499999999993,8.055499999999993,Simulation of the best surrogate solution results: 0.602778
16,Naive-Sim,../build/logs/final_experiments/3_relays_high-high_pso/2026-09-28_20-29-03.log,../build/logs/final_experiments/3_relays_high-high_naive/2026-09-28_22-46-20.log,0.683333,0.602778,-0.08055499999999993,0.08055499999999993,-8.055499999999993,8.055499999999993,Final global best fitness
16,Naive-RF,../build/logs/final_experiments/3_relays_high-high_pso/2026-09-28_20-29-03.log,../build/logs/final_experiments/3_relays_high-high_RF_12c_hy1_naive/2026-09-29_04-30-21.log,0.683333,0.602778,-0.08055499999999993,0.08055499999999993,-8.055499999999993,8.055499999999993,Final global best fitness (Naive-RF final simulation)
17,PSO-RF,../build/logs/final_experiments/3_relays_high-high_pso/2026-09-28_20-40-35.log,../build/logs/final_experiments/3_relays_high-high_RF_12c_hy1_pso/2026-09-29_03-09-03.log,0.641667,0.627778,-0.01388900000000004,0.01388900000000004,-1.388900000000004,1.388900000000004,Simulation of the best surrogate solution results: 0.627778
17,Hybrid,../build/logs/final_experiments/3_relays_high-high_pso/2026-09-28_20-40-35.log,../build/logs/final_experiments/3_relays_high-high_RF_12c_hy1_hybrid/2026-09-29_03-58-32.log,0.641667,0.586111,-0.05555599999999994,0.05555599999999994,-5.555599999999994,5.555599999999994,Simulation of the best surrogate solution results: 0.586111
17,Naive-Sim,../build/logs/final_experiments/3_relays_high-high_pso/2026-09-28_20-40-35.log,../build/logs/final_experiments/3_relays_high-high_naive/2026-09-28_22-56-40.log,0.641667,0.586111,-0.05555599999999994,0.05555599999999994,-5.555599999999994,5.555599999999994,Final global best fitness
17,Naive-RF,../build/logs/final_experiments/3_relays_high-high_pso/2026-09-28_20-40-35.log,../build/logs/final_experiments/3_relays_high-high_RF_12c_hy1_naive/2026-09-29_04-30-55.log,0.641667,0.586111,-0.05555599999999994,0.05555599999999994,-5.555599999999994,5.555599999999994,Final global best fitness (Naive-RF final simulation)
18,PSO-RF,../build/logs/final_experiments/3_relays_high-high_pso/2026-09-28_20-50-59.log,../build/logs/final_experiments/3_relays_high-high_RF_12c_hy1_pso/2026-09-29_03-09-43.log,0.547222,0.527778,-0.019444000000000017,0.019444000000000017,-1.9444000000000017,1.9444000000000017,Simulation of the best surrogate solution results: 0.527778
18,Hybrid,../build/logs/final_experiments/3_relays_high-high_pso/2026-09-28_20-50-59.log,../build/logs/final_experiments/3_relays_high-high_RF_12c_hy1_hybrid/2026-09-29_04-01-09.log,0.547222,0.555556,0.008334000000000064,0.008334000000000064,0.8334000000000064,0.8334000000000064,Simulation of the best surrogate solution results: 0.555556
18,Naive-Sim,../build/logs/final_experiments/3_relays_high-high_pso/2026-09-28_20-50-59.log,../build/logs/final_experiments/3_relays_high-high_naive/2026-09-28_23-06-27.log,0.547222,0.538889,-0.008333000000000035,0.008333000000000035,-0.8333000000000035,0.8333000000000035,Final global best fitness
18,Naive-RF,../build/logs/final_experiments/3_relays_high-high_pso/2026-09-28_20-50-59.log,../build/logs/final_experiments/3_relays_high-high_RF_12c_hy1_naive/2026-09-29_04-31-29.log,0.547222,0.530556,-0.01666599999999996,0.01666599999999996,-1.6665999999999959,1.6665999999999959,Final global best fitness (Naive-RF final simulation)
19,PSO-RF,../build/logs/final_experiments/3_relays_high-high_pso/2026-09-28_21-00-32.log,../build/logs/final_experiments/3_relays_high-high_RF_12c_hy1_pso/2026-09-29_03-10-25.log,0.661111,0.625,-0.036111000000000004,0.036111000000000004,-3.6111000000000004,3.6111000000000004,Simulation of the best surrogate solution results: 0.625
19,Hybrid,../build/logs/final_experiments/3_relays_high-high_pso/2026-09-28_21-00-32.log,../build/logs/final_experiments/3_relays_high-high_RF_12c_hy1_hybrid/2026-09-29_04-03-40.log,0.661111,0.613889,-0.047221999999999986,0.047221999999999986,-4.722199999999999,4.722199999999999,Simulation of the best surrogate solution results: 0.613889
19,Naive-Sim,../build/logs/final_experiments/3_relays_high-high_pso/2026-09-28_21-00-32.log,../build/logs/final_experiments/3_relays_high-high_naive/2026-09-28_23-17-02.log,0.661111,0.591667,-0.06944399999999995,0.06944399999999995,-6.944399999999995,6.944399999999995,Final global best fitness
19,Naive-RF,../build/logs/final_experiments/3_relays_high-high_pso/2026-09-28_21-00-32.log,../build/logs/final_experiments/3_relays_high-high_RF_12c_hy1_naive/2026-09-29_04-32-04.log,0.661111,0.577778,-0.08333299999999999,0.08333299999999999,-8.3333,8.3333,Final global best fitness (Naive-RF final simulation)
20,PSO-RF,../build/logs/final_experiments/3_relays_high-high_pso/2026-09-28_21-10-23.log,../build/logs/final_experiments/3_relays_high-high_RF_12c_hy1_pso/2026-09-29_03-11-07.log,0.561111,0.522222,-0.03888900000000006,0.03888900000000006,-3.8889000000000062,3.8889000000000062,Simulation of the best surrogate solution results: 0.522222
20,Hybrid,../build/logs/final_experiments/3_relays_high-high_pso/2026-09-28_21-10-23.log,../build/logs/final_experiments/3_relays_high-high_RF_12c_hy1_hybrid/2026-09-29_04-06-09.log,0.561111,0.569444,0.008332999999999924,0.008332999999999924,0.8332999999999924,0.8332999999999924,Simulation of the best surrogate solution results: 0.569444
20,Naive-Sim,../build/logs/final_experiments/3_relays_high-high_pso/2026-09-28_21-10-23.log,../build/logs/final_experiments/3_relays_high-high_naive/2026-09-28_23-27-13.log,0.561111,0.55,-0.011110999999999982,0.011110999999999982,-1.1110999999999982,1.1110999999999982,Final global best fitness
20,Naive-RF,../build/logs/final_experiments/3_relays_high-high_pso/2026-09-28_21-10-23.log,../build/logs/final_experiments/3_relays_high-high_RF_12c_hy1_naive/2026-09-29_04-32-38.log,0.561111,0.516667,-0.04444400000000004,0.04444400000000004,-4.4444000000000035,4.4444000000000035,Final global best fitness (Naive-RF final simulation)
21,PSO-RF,../build/logs/final_experiments/3_relays_high-high_pso/2026-09-28_21-20-25.log,../build/logs/final_experiments/3_relays_high-high_RF_12c_hy1_pso/2026-09-29_03-11-45.log,0.658333,0.663889,0.005556000000000005,0.005556000000000005,0.5556000000000005,0.5556000000000005,Simulation of the best surrogate solution results: 0.663889
21,Hybrid,../build/logs/final_experiments/3_relays_high-high_pso/2026-09-28_21-20-25.log,../build/logs/final_experiments/3_relays_high-high_RF_12c_hy1_hybrid/2026-09-29_04-08-44.log,0.658333,0.647222,-0.011110999999999982,0.011110999999999982,-1.1110999999999982,1.1110999999999982,Simulation of the best surrogate solution results: 0.647222
21,Naive-Sim,../build/logs/final_experiments/3_relays_high-high_pso/2026-09-28_21-20-25.log,../build/logs/final_experiments/3_relays_high-high_naive/2026-09-28_23-37-25.log,0.658333,0.605556,-0.05277699999999996,0.05277699999999996,-5.277699999999996,5.277699999999996,Final global best fitness
21,Naive-RF,../build/logs/final_experiments/3_relays_high-high_pso/2026-09-28_21-20-25.log,../build/logs/final_experiments/3_relays_high-high_RF_12c_hy1_naive/2026-09-29_04-33-12.log,0.658333,0.513889,-0.1444439999999999,0.1444439999999999,-14.444399999999991,14.444399999999991,Final global best fitness (Naive-RF final simulation)
22,PSO-RF,../build/logs/final_experiments/3_relays_high-high_pso/2026-09-28_21-31-18.log,../build/logs/final_experiments/3_relays_high-high_RF_12c_hy1_pso/2026-09-29_03-12-39.log,0.583333,0.547222,-0.036111000000000004,0.036111000000000004,-3.6111000000000004,3.6111000000000004,Simulation of the best surrogate solution results: 0.547222
22,Hybrid,../build/logs/final_experiments/3_relays_high-high_pso/2026-09-28_21-31-18.log,../build/logs/final_experiments/3_relays_high-high_RF_12c_hy1_hybrid/2026-09-29_04-11-31.log,0.583333,0.505556,-0.07777699999999999,0.07777699999999999,-7.7776999999999985,7.7776999999999985,Simulation of the best surrogate solution results: 0.505556
22,Naive-Sim,../build/logs/final_experiments/3_relays_high-high_pso/2026-09-28_21-31-18.log,../build/logs/final_experiments/3_relays_high-high_naive/2026-09-28_23-47-25.log,0.583333,0.552778,-0.030555,0.030555,-3.0555,3.0555,Final global best fitness
22,Naive-RF,../build/logs/final_experiments/3_relays_high-high_pso/2026-09-28_21-31-18.log,../build/logs/final_experiments/3_relays_high-high_RF_12c_hy1_naive/2026-09-29_04-33-47.log,0.583333,0.530556,-0.05277699999999996,0.05277699999999996,-5.277699999999996,5.277699999999996,Final global best fitness (Naive-RF final simulation)
23,PSO-RF,../build/logs/final_experiments/3_relays_high-high_pso/2026-09-28_21-41-33.log,../build/logs/final_experiments/3_relays_high-high_RF_12c_hy1_pso/2026-09-29_03-13-17.log,0.605556,0.558333,-0.047223000000000015,0.047223000000000015,-4.7223000000000015,4.7223000000000015,Simulation of the best surrogate solution results: 0.558333
23,Hybrid,../build/logs/final_experiments/3_relays_high-high_pso/2026-09-28_21-41-33.log,../build/logs/final_experiments/3_relays_high-high_RF_12c_hy1_hybrid/2026-09-29_04-14-00.log,0.605556,0.583333,-0.022222999999999993,0.022222999999999993,-2.2222999999999993,2.2222999999999993,Simulation of the best surrogate solution results: 0.583333
23,Naive-Sim,../build/logs/final_experiments/3_relays_high-high_pso/2026-09-28_21-41-33.log,../build/logs/final_experiments/3_relays_high-high_naive/2026-09-28_23-57-25.log,0.605556,0.588889,-0.016666999999999987,0.016666999999999987,-1.6666999999999987,1.6666999999999987,Final global best fitness
23,Naive-RF,../build/logs/final_experiments/3_relays_high-high_pso/2026-09-28_21-41-33.log,../build/logs/final_experiments/3_relays_high-high_RF_12c_hy1_naive/2026-09-29_04-34-20.log,0.605556,0.588889,-0.016666999999999987,0.016666999999999987,-1.6666999999999987,1.6666999999999987,Final global best fitness (Naive-RF final simulation)
24,PSO-RF,../build/logs/final_experiments/3_relays_high-high_pso/2026-09-28_21-52-02.log,../build/logs/final_experiments/3_relays_high-high_RF_12c_hy1_pso/2026-09-29_03-13-54.log,0.575,0.530556,-0.04444399999999993,0.04444399999999993,-4.444399999999993,4.444399999999993,Simulation of the best surrogate solution results: 0.530556
24,Hybrid,../build/logs/final_experiments/3_relays_high-high_pso/2026-09-28_21-52-02.log,../build/logs/final_experiments/3_relays_high-high_RF_12c_hy1_hybrid/2026-09-29_04-16-30.log,0.575,0.552778,-0.022221999999999964,0.022221999999999964,-2.2221999999999964,2.2221999999999964,Simulation of the best surrogate solution results: 0.552778
24,Naive-Sim,../build/logs/final_experiments/3_relays_high-high_pso/2026-09-28_21-52-02.log,../build/logs/final_experiments/3_relays_high-high_naive/2026-09-29_00-07-28.log,0.575,0.563889,-0.011110999999999982,0.011110999999999982,-1.1110999999999982,1.1110999999999982,Final global best fitness
24,Naive-RF,../build/logs/final_experiments/3_relays_high-high_pso/2026-09-28_21-52-02.log,../build/logs/final_experiments/3_relays_high-high_RF_12c_hy1_naive/2026-09-29_04-34-55.log,0.575,0.544444,-0.030555999999999917,0.030555999999999917,-3.0555999999999917,3.0555999999999917,Final global best fitness (Naive-RF final simulation)
25,PSO-RF,../build/logs/final_experiments/3_relays_high-high_pso/2026-09-28_22-02-41.log,../build/logs/final_experiments/3_relays_high-high_RF_12c_hy1_pso/2026-09-29_03-14-30.log,0.619444,0.538889,-0.08055500000000004,0.08055500000000004,-8.055500000000004,8.055500000000004,Simulation of the best surrogate solution results: 0.538889
25,Hybrid,../build/logs/final_experiments/3_relays_high-high_pso/2026-09-28_22-02-41.log,../build/logs/final_experiments/3_relays_high-high_RF_12c_hy1_hybrid/2026-09-29_04-19-03.log,0.619444,0.625,0.005556000000000005,0.005556000000000005,0.5556000000000005,0.5556000000000005,Simulation of the best surrogate solution results: 0.625
25,Naive-Sim,../build/logs/final_experiments/3_relays_high-high_pso/2026-09-28_22-02-41.log,../build/logs/final_experiments/3_relays_high-high_naive/2026-09-29_00-18-07.log,0.619444,0.622222,0.002778000000000058,0.002778000000000058,0.2778000000000058,0.2778000000000058,Final global best fitness
25,Naive-RF,../build/logs/final_experiments/3_relays_high-high_pso/2026-09-28_22-02-41.log,../build/logs/final_experiments/3_relays_high-high_RF_12c_hy1_naive/2026-09-29_04-35-29.log,0.619444,0.555556,-0.06388799999999994,0.06388799999999994,-6.3887999999999945,6.3887999999999945,Final global best fitness (Naive-RF final simulation)
