scenario_number,seed,naive_sim_log,naive_rf_log,naive_sim_pdr,naive_rf_logged_fitness,mean_matched_distance_m,rms_matched_distance_m,max_matched_distance_m,mean_distance_pct_field_diagonal,relay_pair_profile_mae_m,relay_sink_profile_mae_m,relay_assignment
1,525339,../build/logs/final_experiments/3_relays_high-high_naive/2026-09-23_07-25-56.log,../build/logs/final_experiments/3_relays_high-high_RF_12c_hy1_naive/2026-09-26_20-09-45.log,0.547222,0.547222,0.0,0.0,0.0,0.0,0.0,0.0,ref0->candidate0; ref1->candidate1; ref2->candidate2
2,864365,../build/logs/final_experiments/3_relays_high-high_naive/2026-09-23_07-46-15.log,../build/logs/final_experiments/3_relays_high-high_RF_12c_hy1_naive/2026-09-26_20-10-34.log,0.541667,0.488889,73.6927542297858,78.1345823606082,92.7009695796112,10.421729248039036,40.84723028473312,23.242159005093594,ref0->candidate0; ref1->candidate1; ref2->candidate2
3,67358,../build/logs/final_experiments/3_relays_high-high_naive/2026-09-23_08-06-47.log,../build/logs/final_experiments/3_relays_high-high_RF_12c_hy1_naive/2026-09-26_20-11-18.log,0.583333,0.55,61.727418211176975,66.45654943309451,96.54691411433096,8.729575200452244,39.05968215443096,37.731410951249124,ref0->candidate2; ref1->candidate1; ref2->candidate0
4,747263,../build/logs/final_experiments/3_relays_high-high_naive/2026-09-23_08-27-12.log,../build/logs/final_experiments/3_relays_high-high_RF_12c_hy1_naive/2026-09-26_20-12-05.log,0.555556,0.544444,38.19472922033568,45.655530290937016,69.27693928718271,5.401550407456667,10.002152332417173,9.388324056179576,ref0->candidate1; ref1->candidate2; ref2->candidate0
5,677807,../build/logs/final_experiments/3_relays_high-high_naive/2026-09-23_08-47-25.log,../build/logs/final_experiments/3_relays_high-high_RF_12c_hy1_naive/2026-09-26_20-13-01.log,0.608333,0.591667,65.44542291500012,82.08787851363928,130.98707567542687,9.255380468163612,9.290018973274178,20.30938555222185,ref0->candidate2; ref1->candidate1; ref2->candidate0
6,806219,../build/logs/final_experiments/3_relays_high-high_naive/2026-09-23_09-08-17.log,../build/logs/final_experiments/3_relays_high-high_RF_12c_hy1_naive/2026-09-26_20-13-52.log,0.577778,0.497222,75.69590940186293,78.98896020721291,105.86175918550569,10.705018169227964,15.852948592389955,36.680829198153276,ref0->candidate0; ref1->candidate1; ref2->candidate2
7,76126870,../build/logs/final_experiments/3_relays_high-high_naive/2026-09-23_09-29-11.log,../build/logs/final_experiments/3_relays_high-high_RF_12c_hy1_naive/2026-09-26_20-14-43.log,0.591667,0.583333,31.049805236685753,36.58362953562701,54.8821969312454,4.391105567476414,12.877550672037794,10.117947392503263,ref0->candidate2; ref1->candidate0; ref2->candidate1
8,74509218,../build/logs/final_experiments/3_relays_high-high_naive/2026-09-23_09-49-30.log,../build/logs/final_experiments/3_relays_high-high_RF_12c_hy1_naive/2026-09-26_20-15-36.log,0.586111,0.566667,126.82077796657758,167.52476824355458,277.3374084197803,17.9351664191041,6.855218935210824,8.893459693682464,ref0->candidate2; ref1->candidate0; ref2->candidate1
9,1664576,../build/logs/final_experiments/3_relays_high-high_naive/2026-09-23_10-09-55.log,../build/logs/final_experiments/3_relays_high-high_RF_12c_hy1_naive/2026-09-26_20-16-29.log,0.575,0.541667,78.77847725534964,87.48542012863248,115.6917801228765,11.140959095761586,15.400634318680503,11.689600774614982,ref0->candidate1; ref1->candidate0; ref2->candidate2
10,40063030,../build/logs/final_experiments/3_relays_high-high_naive/2026-09-23_10-29-59.log,../build/logs/final_experiments/3_relays_high-high_RF_12c_hy1_naive/2026-09-26_20-17-18.log,0.580556,0.566667,28.13160000676528,29.776056930583216,40.94408247842416,3.978409026082251,14.571867620060479,15.460949134960677,ref0->candidate1; ref1->candidate0; ref2->candidate2
11,38032146,../build/logs/final_experiments/3_relays_high-high_naive/2026-09-23_10-49-46.log,../build/logs/final_experiments/3_relays_high-high_RF_12c_hy1_naive/2026-09-26_20-18-08.log,0.580556,0.55,69.3300783241907,75.90095815673212,112.58512326679755,9.804753704645941,22.204838698337017,28.663930582816675,ref0->candidate1; ref1->candidate2; ref2->candidate0
12,74485470,../build/logs/final_experiments/3_relays_high-high_naive/2026-09-23_11-10-12.log,../build/logs/final_experiments/3_relays_high-high_RF_12c_hy1_naive/2026-09-26_20-18-57.log,0.613889,0.608333,60.47379554999818,68.16481159571997,104.82411193041416,8.552286183498515,25.184390147683633,27.3952233861129,ref0->candidate0; ref1->candidate1; ref2->candidate2
