scenario_number,seed,network,area_width_m,area_height_m,sensor_count,relay_count,pso_sim_log,pso_sim_pdr,method,comparison_log,pairing_status,comparison_logged_fitness,comparison_fitness_source,pdr_difference_from_pso_sim,mean_matched_distance_m,rms_matched_distance_m,max_matched_distance_m,mean_distance_pct_field_diagonal,relay_pair_profile_mae_m,relay_sink_profile_mae_m,relay_assignment
1,525339,1,500.0,500.0,60,3,../build/logs/final_experiments/3_relays_high-high_pso/2026-09-23_07-15-18.log,0.575,PSO-RF,../build/logs/final_experiments/3_relays_high-high_RF_12c_hy1_pso/2026-09-26_19-50-17.log,verified_nodes,0.549776,surrogate or hybrid (not necessarily actual PDR),,21.228376776469542,27.788080374146027,46.556314824092325,3.0021458344449266,15.8772222522741,15.859975042981091,ref0->candidate0; ref1->candidate1; ref2->candidate2
1,525339,1,500.0,500.0,60,3,../build/logs/final_experiments/3_relays_high-high_pso/2026-09-23_07-15-18.log,0.575,Hybrid,../build/logs/final_experiments/3_relays_high-high_RF_12c_hy1_hybrid/2026-09-27_18-24-11.log,verified_nodes,0.580556,surrogate or hybrid (not necessarily actual PDR),,17.712186090818204,17.94468336769046,20.718442665895527,2.5048813788911195,12.687950793530453,13.90194113225356,ref0->candidate0; ref1->candidate1; ref2->candidate2
1,525339,1,500.0,500.0,60,3,../build/logs/final_experiments/3_relays_high-high_pso/2026-09-23_07-15-18.log,0.575,Naive-Sim,../build/logs/final_experiments/3_relays_high-high_naive/2026-09-23_07-25-56.log,order_only,0.547222,OMNeT++,-0.02777799999999997,124.26628785104144,157.48117426518,260.3177291311523,17.573906962470176,34.84285695363583,30.436494393670007,ref0->candidate2; ref1->candidate1; ref2->candidate0
1,525339,1,500.0,500.0,60,3,../build/logs/final_experiments/3_relays_high-high_pso/2026-09-23_07-15-18.log,0.575,Naive-RF,../build/logs/final_experiments/3_relays_high-high_RF_12c_hy1_naive/2026-09-26_20-09-45.log,order_only,0.547222,surrogate or hybrid (not necessarily actual PDR),,124.26628785104144,157.48117426518,260.3177291311523,17.573906962470176,34.84285695363583,30.436494393670007,ref0->candidate2; ref1->candidate1; ref2->candidate0
2,864365,1,500.0,500.0,60,3,../build/logs/final_experiments/3_relays_high-high_pso/2026-09-23_07-35-16.log,0.577778,PSO-RF,../build/logs/final_experiments/3_relays_high-high_RF_12c_hy1_pso/2026-09-26_19-51-14.log,verified_nodes,0.564118,surrogate or hybrid (not necessarily actual PDR),,103.74931019343337,125.9636749756585,197.11353226503758,14.672368156240667,30.646770620120957,32.40927478292463,ref0->candidate1; ref1->candidate0; ref2->candidate2
2,864365,1,500.0,500.0,60,3,../build/logs/final_experiments/3_relays_high-high_pso/2026-09-23_07-35-16.log,0.577778,Hybrid,../build/logs/final_experiments/3_relays_high-high_RF_12c_hy1_hybrid/2026-09-27_18-27-02.log,verified_nodes,0.564527,surrogate or hybrid (not necessarily actual PDR),,107.95348844051516,127.43457074207402,196.50020586757665,15.266928745806368,31.962125800122,31.07788601087911,ref0->candidate1; ref1->candidate0; ref2->candidate2
2,864365,1,500.0,500.0,60,3,../build/logs/final_experiments/3_relays_high-high_pso/2026-09-23_07-35-16.log,0.577778,Naive-Sim,../build/logs/final_experiments/3_relays_high-high_naive/2026-09-23_07-46-15.log,order_only,0.541667,OMNeT++,-0.036111000000000004,58.10633764027642,62.346060677479855,81.92053146800258,8.217477075070917,9.897283852948263,9.588698516832912,ref0->candidate0; ref1->candidate1; ref2->candidate2
2,864365,1,500.0,500.0,60,3,../build/logs/final_experiments/3_relays_high-high_pso/2026-09-23_07-35-16.log,0.577778,Naive-RF,../build/logs/final_experiments/3_relays_high-high_RF_12c_hy1_naive/2026-09-26_20-10-34.log,order_only,0.488889,surrogate or hybrid (not necessarily actual PDR),,32.109743645720705,38.21139443499367,59.41403350219539,4.541003494810153,31.986045950108224,22.932247587009186,ref0->candidate0; ref1->candidate1; ref2->candidate2
3,67358,1,500.0,500.0,60,3,../build/logs/final_experiments/3_relays_high-high_pso/2026-09-23_07-55-39.log,0.616667,PSO-RF,../build/logs/final_experiments/3_relays_high-high_RF_12c_hy1_pso/2026-09-26_19-52-14.log,verified_nodes,0.569489,surrogate or hybrid (not necessarily actual PDR),,80.20617947893368,91.02542433598796,134.22913411402163,11.342866680523864,14.594894380112189,34.88256707039474,ref0->candidate1; ref1->candidate0; ref2->candidate2
3,67358,1,500.0,500.0,60,3,../build/logs/final_experiments/3_relays_high-high_pso/2026-09-23_07-55-39.log,0.616667,Hybrid,../build/logs/final_experiments/3_relays_high-high_RF_12c_hy1_hybrid/2026-09-27_18-29-57.log,verified_nodes,0.575,surrogate or hybrid (not necessarily actual PDR),,67.98974170362874,75.48755189424723,94.53928077788619,9.615201481951537,4.052620988143161,29.766847563026914,ref0->candidate0; ref1->candidate1; ref2->candidate2
3,67358,1,500.0,500.0,60,3,../build/logs/final_experiments/3_relays_high-high_pso/2026-09-23_07-55-39.log,0.616667,Naive-Sim,../build/logs/final_experiments/3_relays_high-high_naive/2026-09-23_08-06-47.log,order_only,0.583333,OMNeT++,-0.033333999999999975,71.56420705484884,76.30561234634055,105.28749326795658,10.120707219744355,26.732372598003735,6.725241229596397,ref0->candidate0; ref1->candidate2; ref2->candidate1
3,67358,1,500.0,500.0,60,3,../build/logs/final_experiments/3_relays_high-high_pso/2026-09-23_07-55-39.log,0.616667,Naive-RF,../build/logs/final_experiments/3_relays_high-high_RF_12c_hy1_naive/2026-09-26_20-11-18.log,order_only,0.55,surrogate or hybrid (not necessarily actual PDR),,61.892174261213285,61.9459289722093,65.40301904346619,8.752875224496682,15.390174394561067,35.67732883123741,ref0->candidate2; ref1->candidate0; ref2->candidate1
4,747263,1,500.0,500.0,60,3,../build/logs/final_experiments/3_relays_high-high_pso/2026-09-23_08-16-16.log,0.6,PSO-RF,../build/logs/final_experiments/3_relays_high-high_RF_12c_hy1_pso/2026-09-26_19-53-13.log,verified_nodes,0.574735,surrogate or hybrid (not necessarily actual PDR),,32.78102974111973,34.892660064307705,44.326192572789296,4.635937684844731,3.4236761517310583,3.377867939063227,ref0->candidate1; ref1->candidate0; ref2->candidate2
4,747263,1,500.0,500.0,60,3,../build/logs/final_experiments/3_relays_high-high_pso/2026-09-23_08-16-16.log,0.6,Hybrid,../build/logs/final_experiments/3_relays_high-high_RF_12c_hy1_hybrid/2026-09-27_18-32-56.log,verified_nodes,0.580556,surrogate or hybrid (not necessarily actual PDR),,46.28447818961553,50.6778788898733,69.68794160398195,6.545613678311599,21.06983382421164,15.83728500731661,ref0->candidate1; ref1->candidate0; ref2->candidate2
4,747263,1,500.0,500.0,60,3,../build/logs/final_experiments/3_relays_high-high_pso/2026-09-23_08-16-16.log,0.6,Naive-Sim,../build/logs/final_experiments/3_relays_high-high_naive/2026-09-23_08-27-12.log,order_only,0.555556,OMNeT++,-0.04444399999999993,29.020048992109665,32.62617855567315,41.812737592747986,4.1040546865373155,9.847528904527431,12.587804875525308,ref0->candidate2; ref1->candidate1; ref2->candidate0
4,747263,1,500.0,500.0,60,3,../build/logs/final_experiments/3_relays_high-high_pso/2026-09-23_08-16-16.log,0.6,Naive-RF,../build/logs/final_experiments/3_relays_high-high_RF_12c_hy1_naive/2026-09-26_20-12-05.log,order_only,0.544444,surrogate or hybrid (not necessarily actual PDR),,38.589578918315496,47.54276144258626,70.57745856858264,5.4573905872548645,18.972387472269116,21.554431107716443,ref0->candidate0; ref1->candidate2; ref2->candidate1
5,677807,1,500.0,500.0,60,3,../build/logs/final_experiments/3_relays_high-high_pso/2026-09-23_08-36-31.log,0.638889,PSO-RF,../build/logs/final_experiments/3_relays_high-high_RF_12c_hy1_pso/2026-09-26_19-54-10.log,verified_nodes,0.57392,surrogate or hybrid (not necessarily actual PDR),,70.18813218297076,96.8998933504745,163.83799356681587,9.926100845079276,12.274395649278915,19.152849935584424,ref0->candidate2; ref1->candidate1; ref2->candidate0
5,677807,1,500.0,500.0,60,3,../build/logs/final_experiments/3_relays_high-high_pso/2026-09-23_08-36-31.log,0.638889,Hybrid,../build/logs/final_experiments/3_relays_high-high_RF_12c_hy1_hybrid/2026-09-27_18-35-45.log,verified_nodes,0.591667,surrogate or hybrid (not necessarily actual PDR),,87.93591774678981,137.44847509429368,237.23357044482555,12.43601674972351,4.879390018860685,8.013467556053058,ref0->candidate2; ref1->candidate1; ref2->candidate0
5,677807,1,500.0,500.0,60,3,../build/logs/final_experiments/3_relays_high-high_pso/2026-09-23_08-36-31.log,0.638889,Naive-Sim,../build/logs/final_experiments/3_relays_high-high_naive/2026-09-23_08-47-25.log,order_only,0.608333,OMNeT++,-0.030556000000000028,85.52917585859363,93.65595851341583,120.57588815762462,12.09565204778166,7.190804241338081,3.0591681074774137,ref0->candidate1; ref1->candidate2; ref2->candidate0
5,677807,1,500.0,500.0,60,3,../build/logs/final_experiments/3_relays_high-high_pso/2026-09-23_08-36-31.log,0.638889,Naive-RF,../build/logs/final_experiments/3_relays_high-high_RF_12c_hy1_naive/2026-09-26_20-13-01.log,order_only,0.591667,surrogate or hybrid (not necessarily actual PDR),,70.17032874162133,75.48553448153714,92.69735298270388,9.923583058257949,7.379507376518309,17.250217444744436,ref0->candidate1; ref1->candidate2; ref2->candidate0
6,806219,1,500.0,500.0,60,3,../build/logs/final_experiments/3_relays_high-high_pso/2026-09-23_08-57-07.log,0.588889,PSO-RF,../build/logs/final_experiments/3_relays_high-high_RF_12c_hy1_pso/2026-09-26_19-55-01.log,verified_nodes,0.577227,surrogate or hybrid (not necessarily actual PDR),,59.852486683697414,66.51235718010099,91.63840546954096,8.464419840983995,8.90100116896131,10.967137361759617,ref0->candidate0; ref1->candidate1; ref2->candidate2
6,806219,1,500.0,500.0,60,3,../build/logs/final_experiments/3_relays_high-high_pso/2026-09-23_08-57-07.log,0.588889,Hybrid,../build/logs/final_experiments/3_relays_high-high_RF_12c_hy1_hybrid/2026-09-27_18-38-45.log,verified_nodes,0.569444,surrogate or hybrid (not necessarily actual PDR),,13.3943443814929,13.504708905785426,15.026075901578567,1.8942463483403122,11.98591036719966,9.085694987406848,ref0->candidate0; ref1->candidate1; ref2->candidate2
6,806219,1,500.0,500.0,60,3,../build/logs/final_experiments/3_relays_high-high_pso/2026-09-23_08-57-07.log,0.588889,Naive-Sim,../build/logs/final_experiments/3_relays_high-high_naive/2026-09-23_09-08-17.log,order_only,0.577778,OMNeT++,-0.011110999999999982,21.558540762030358,23.62701335872423,35.18626671018112,3.048838073063653,10.606385885943306,9.686204208438795,ref0->candidate0; ref1->candidate1; ref2->candidate2
6,806219,1,500.0,500.0,60,3,../build/logs/final_experiments/3_relays_high-high_pso/2026-09-23_08-57-07.log,0.588889,Naive-RF,../build/logs/final_experiments/3_relays_high-high_RF_12c_hy1_naive/2026-09-26_20-13-52.log,order_only,0.497222,surrogate or hybrid (not necessarily actual PDR),,86.16113933949873,86.61737875293848,98.36757297041541,12.185025180343711,6.047095501052041,33.395499187702995,ref0->candidate0; ref1->candidate1; ref2->candidate2
7,76126870,1,500.0,500.0,60,3,../build/logs/final_experiments/3_relays_high-high_pso/2026-09-23_09-17-37.log,0.647222,PSO-RF,../build/logs/final_experiments/3_relays_high-high_RF_12c_hy1_pso/2026-09-26_19-55-52.log,verified_nodes,0.571452,surrogate or hybrid (not necessarily actual PDR),,37.07122044310841,39.73928001042127,56.019747179008235,5.2426622724366645,7.968554721931071,6.374418629774567,ref0->candidate0; ref1->candidate1; ref2->candidate2
7,76126870,1,500.0,500.0,60,3,../build/logs/final_experiments/3_relays_high-high_pso/2026-09-23_09-17-37.log,0.647222,Hybrid,../build/logs/final_experiments/3_relays_high-high_RF_12c_hy1_hybrid/2026-09-27_18-41-48.log,verified_nodes,0.597222,surrogate or hybrid (not necessarily actual PDR),,29.014891040197853,35.185658381836966,56.26428409746276,4.103325241982541,4.3960497856229965,4.632565571048474,ref0->candidate0; ref1->candidate1; ref2->candidate2
7,76126870,1,500.0,500.0,60,3,../build/logs/final_experiments/3_relays_high-high_pso/2026-09-23_09-17-37.log,0.647222,Naive-Sim,../build/logs/final_experiments/3_relays_high-high_naive/2026-09-23_09-29-11.log,order_only,0.591667,OMNeT++,-0.05555499999999991,28.40260022443678,46.11927643982866,79.75527982522539,4.016734244405961,8.659947437936163,10.302846152480734,ref0->candidate0; ref1->candidate2; ref2->candidate1
7,76126870,1,500.0,500.0,60,3,../build/logs/final_experiments/3_relays_high-high_pso/2026-09-23_09-17-37.log,0.647222,Naive-RF,../build/logs/final_experiments/3_relays_high-high_RF_12c_hy1_naive/2026-09-26_20-14-43.log,order_only,0.583333,surrogate or hybrid (not necessarily actual PDR),,39.81959291899563,46.0044926864033,57.74741494647189,5.631340835421928,9.561474871072344,4.67511182357084,ref0->candidate2; ref1->candidate1; ref2->candidate0
8,74509218,1,500.0,500.0,60,3,../build/logs/final_experiments/3_relays_high-high_pso/2026-09-23_09-38-22.log,0.680556,PSO-RF,../build/logs/final_experiments/3_relays_high-high_RF_12c_hy1_pso/2026-09-26_19-56-45.log,verified_nodes,0.580793,surrogate or hybrid (not necessarily actual PDR),,54.79645681503607,54.89318557137428,59.38288995998765,7.7493892397815625,5.4213410763346985,5.553676863319794,ref0->candidate0; ref1->candidate1; ref2->candidate2
8,74509218,1,500.0,500.0,60,3,../build/logs/final_experiments/3_relays_high-high_pso/2026-09-23_09-38-22.log,0.680556,Hybrid,../build/logs/final_experiments/3_relays_high-high_RF_12c_hy1_hybrid/2026-09-27_18-44-55.log,verified_nodes,0.652778,surrogate or hybrid (not necessarily actual PDR),,15.957571171783593,16.37998196213903,19.93705078490798,2.256741357367028,4.714115977880756,2.730474395596692,ref0->candidate0; ref1->candidate1; ref2->candidate2
8,74509218,1,500.0,500.0,60,3,../build/logs/final_experiments/3_relays_high-high_pso/2026-09-23_09-38-22.log,0.680556,Naive-Sim,../build/logs/final_experiments/3_relays_high-high_naive/2026-09-23_09-49-30.log,order_only,0.586111,OMNeT++,-0.094445,98.1541609262602,120.48761917627333,186.57083789542244,13.88109455852685,11.403956852289673,21.575792678887115,ref0->candidate0; ref1->candidate2; ref2->candidate1
8,74509218,1,500.0,500.0,60,3,../build/logs/final_experiments/3_relays_high-high_pso/2026-09-23_09-38-22.log,0.680556,Naive-RF,../build/logs/final_experiments/3_relays_high-high_RF_12c_hy1_naive/2026-09-26_20-15-36.log,order_only,0.566667,surrogate or hybrid (not necessarily actual PDR),,53.68160178363487,71.38542739917814,119.90932922004025,7.591724929232816,13.310347720534637,23.841829741065453,ref0->candidate2; ref1->candidate1; ref2->candidate0
9,1664576,1,500.0,500.0,60,3,../build/logs/final_experiments/3_relays_high-high_pso/2026-09-23_09-58-49.log,0.633333,PSO-RF,../build/logs/final_experiments/3_relays_high-high_RF_12c_hy1_pso/2026-09-26_19-57-33.log,verified_nodes,0.581157,surrogate or hybrid (not necessarily actual PDR),,44.07519395427381,49.088854187788904,60.34313803573692,6.233173705435866,7.125597417979885,8.012888830138223,ref0->candidate0; ref1->candidate1; ref2->candidate2
9,1664576,1,500.0,500.0,60,3,../build/logs/final_experiments/3_relays_high-high_pso/2026-09-23_09-58-49.log,0.633333,Hybrid,../build/logs/final_experiments/3_relays_high-high_RF_12c_hy1_hybrid/2026-09-27_18-47-53.log,verified_nodes,0.608333,surrogate or hybrid (not necessarily actual PDR),,17.014481692796384,20.91020542454489,33.12918192002331,2.406211076670138,6.942288174939246,8.74534854116815,ref0->candidate0; ref1->candidate1; ref2->candidate2
9,1664576,1,500.0,500.0,60,3,../build/logs/final_experiments/3_relays_high-high_pso/2026-09-23_09-58-49.log,0.633333,Naive-Sim,../build/logs/final_experiments/3_relays_high-high_naive/2026-09-23_10-09-55.log,order_only,0.575,OMNeT++,-0.05833300000000008,31.12582915857764,34.95813341860995,53.586137669550325,4.401856973616844,15.559950949651002,2.4464505226098177,ref0->candidate1; ref1->candidate2; ref2->candidate0
9,1664576,1,500.0,500.0,60,3,../build/logs/final_experiments/3_relays_high-high_pso/2026-09-23_09-58-49.log,0.633333,Naive-RF,../build/logs/final_experiments/3_relays_high-high_RF_12c_hy1_naive/2026-09-26_20-16-29.log,order_only,0.541667,surrogate or hybrid (not necessarily actual PDR),,70.05342476789025,74.40273773352251,97.31603037526757,9.907050339743368,1.2704524140680604,12.154778510152909,ref0->candidate0; ref1->candidate2; ref2->candidate1
10,40063030,1,500.0,500.0,60,3,../build/logs/final_experiments/3_relays_high-high_pso/2026-09-23_10-19-05.log,0.636111,PSO-RF,../build/logs/final_experiments/3_relays_high-high_RF_12c_hy1_pso/2026-09-26_19-58-20.log,verified_nodes,0.564832,surrogate or hybrid (not necessarily actual PDR),,66.78082565096788,78.6722751231546,110.88778733927374,9.444234934207184,16.954786346110136,18.354024837223836,ref0->candidate0; ref1->candidate2; ref2->candidate1
10,40063030,1,500.0,500.0,60,3,../build/logs/final_experiments/3_relays_high-high_pso/2026-09-23_10-19-05.log,0.636111,Hybrid,../build/logs/final_experiments/3_relays_high-high_RF_12c_hy1_hybrid/2026-09-27_18-50-53.log,verified_nodes,0.577778,surrogate or hybrid (not necessarily actual PDR),,32.86864893332262,34.98881619970397,48.024769454626224,4.648328909838481,12.305109118320635,12.830715787502958,ref0->candidate0; ref1->candidate2; ref2->candidate1
10,40063030,1,500.0,500.0,60,3,../build/logs/final_experiments/3_relays_high-high_pso/2026-09-23_10-19-05.log,0.636111,Naive-Sim,../build/logs/final_experiments/3_relays_high-high_naive/2026-09-23_10-29-59.log,order_only,0.580556,OMNeT++,-0.05555500000000002,38.80623820549335,44.55014112450524,56.62661841960899,5.4880308374889655,13.767394181461242,14.773926853164673,ref0->candidate2; ref1->candidate0; ref2->candidate1
10,40063030,1,500.0,500.0,60,3,../build/logs/final_experiments/3_relays_high-high_pso/2026-09-23_10-19-05.log,0.636111,Naive-RF,../build/logs/final_experiments/3_relays_high-high_RF_12c_hy1_naive/2026-09-26_20-17-18.log,order_only,0.566667,surrogate or hybrid (not necessarily actual PDR),,43.12353553961396,54.560370557270474,89.29912949206167,6.098588881760023,25.20263270582913,6.323264336404208,ref0->candidate2; ref1->candidate1; ref2->candidate0
11,38032146,1,500.0,500.0,60,3,../build/logs/final_experiments/3_relays_high-high_pso/2026-09-23_10-39-17.log,0.6,PSO-RF,../build/logs/final_experiments/3_relays_high-high_RF_12c_hy1_pso/2026-09-26_19-59-14.log,verified_nodes,0.561836,surrogate or hybrid (not necessarily actual PDR),,40.18170520628076,48.27482206547562,77.1754016899167,5.682551246199986,11.735184490714062,26.26410922366936,ref0->candidate0; ref1->candidate1; ref2->candidate2
11,38032146,1,500.0,500.0,60,3,../build/logs/final_experiments/3_relays_high-high_pso/2026-09-23_10-39-17.log,0.6,Hybrid,../build/logs/final_experiments/3_relays_high-high_RF_12c_hy1_hybrid/2026-09-27_18-53-45.log,verified_nodes,0.613889,surrogate or hybrid (not necessarily actual PDR),,40.14472519615731,47.18405180287792,72.36362334764615,5.677321483014658,8.221868285572706,25.920312078154932,ref0->candidate0; ref1->candidate1; ref2->candidate2
11,38032146,1,500.0,500.0,60,3,../build/logs/final_experiments/3_relays_high-high_pso/2026-09-23_10-39-17.log,0.6,Naive-Sim,../build/logs/final_experiments/3_relays_high-high_naive/2026-09-23_10-49-46.log,order_only,0.580556,OMNeT++,-0.019444000000000017,73.27878558243772,88.08896635426784,141.909000595452,10.363185240491344,6.842170579528897,9.429580772868254,ref0->candidate1; ref1->candidate0; ref2->candidate2
11,38032146,1,500.0,500.0,60,3,../build/logs/final_experiments/3_relays_high-high_pso/2026-09-23_10-39-17.log,0.6,Naive-RF,../build/logs/final_experiments/3_relays_high-high_RF_12c_hy1_naive/2026-09-26_20-18-08.log,order_only,0.55,surrogate or hybrid (not necessarily actual PDR),,113.93702832913102,152.28843582721572,254.49165291026736,16.113129071954464,27.348750222742,24.652074866634518,ref0->candidate2; ref1->candidate1; ref2->candidate0
12,74485470,1,500.0,500.0,60,3,../build/logs/final_experiments/3_relays_high-high_pso/2026-09-23_10-58-45.log,0.625,PSO-RF,../build/logs/final_experiments/3_relays_high-high_RF_12c_hy1_pso/2026-09-26_20-00-04.log,verified_nodes,0.580867,surrogate or hybrid (not necessarily actual PDR),,38.99158718682332,39.86429382308601,50.71611354392211,5.514243141805853,1.976463722380193,17.85682755056662,ref0->candidate0; ref1->candidate1; ref2->candidate2
12,74485470,1,500.0,500.0,60,3,../build/logs/final_experiments/3_relays_high-high_pso/2026-09-23_10-58-45.log,0.625,Hybrid,../build/logs/final_experiments/3_relays_high-high_RF_12c_hy1_hybrid/2026-09-27_18-56-29.log,verified_nodes,0.616667,surrogate or hybrid (not necessarily actual PDR),,27.608904593248766,34.68804941306635,55.24945845888446,3.9044887318037245,11.308023435539601,12.692202329646017,ref0->candidate0; ref1->candidate1; ref2->candidate2
12,74485470,1,500.0,500.0,60,3,../build/logs/final_experiments/3_relays_high-high_pso/2026-09-23_10-58-45.log,0.625,Naive-Sim,../build/logs/final_experiments/3_relays_high-high_naive/2026-09-23_11-10-12.log,order_only,0.613889,OMNeT++,-0.011110999999999982,17.943002746541037,20.054736009980278,29.995151062963487,2.537523783385603,5.746173542542834,5.157397365334546,ref0->candidate2; ref1->candidate0; ref2->candidate1
12,74485470,1,500.0,500.0,60,3,../build/logs/final_experiments/3_relays_high-high_pso/2026-09-23_10-58-45.log,0.625,Naive-RF,../build/logs/final_experiments/3_relays_high-high_RF_12c_hy1_naive/2026-09-26_20-18-57.log,order_only,0.608333,surrogate or hybrid (not necessarily actual PDR),,69.5050306050834,72.77926452465701,95.44447819544092,9.8294956934866,19.4382166051408,32.55262075144744,ref0->candidate2; ref1->candidate0; ref2->candidate1
