seed,relays,width,height,network_config,pso_400,pso_final,pso_extra_20_gain,naive_400,delta,pso_file,naive_file,area
37283284,4,350.0,350.0,1,0.979167,0.979167,0.0,0.966667,0.012499999999999956,2026-09-17_22-02-11.log,2026-09-17_22-10-14.log,350
37283284,4,400.0,400.0,1,0.916667,0.916667,0.0,0.913333,0.003334000000000059,2026-09-17_22-17-58.log,2026-09-17_22-29-18.log,400
37283284,4,500.0,500.0,1,0.713889,0.736111,0.022221999999999964,0.669444,0.04444499999999996,2026-09-17_22-39-13.log,2026-09-17_22-51-40.log,500
37283284,4,600.0,600.0,1,0.52619,0.52619,0.0,0.485714,0.04047600000000007,2026-09-17_23-02-32.log,2026-09-17_23-15-40.log,600
37283284,4,700.0,700.0,1,0.441667,0.441667,0.0,0.4125,0.029167,2026-09-17_23-27-38.log,2026-09-17_23-42-53.log,700
1555680,4,350.0,350.0,1,0.9875,0.9875,0.0,0.966667,0.02083299999999999,2026-09-17_23-55-48.log,2026-09-18_00-04-42.log,350
1555680,4,400.0,400.0,1,0.916667,0.916667,0.0,0.91,0.0066669999999999785,2026-09-18_00-12-33.log,2026-09-18_00-24-13.log,400
1555680,4,500.0,500.0,1,0.727778,0.727778,0.0,0.658333,0.06944500000000009,2026-09-18_00-33-50.log,2026-09-18_00-46-31.log,500
1555680,4,600.0,600.0,1,0.495238,0.495238,0.0,0.466667,0.028571000000000013,2026-09-18_00-57-27.log,2026-09-18_01-10-13.log,600
1555680,4,700.0,700.0,1,0.447917,0.447917,0.0,0.39375,0.05416700000000002,2026-09-18_01-21-50.log,2026-09-18_01-37-32.log,700
60466,4,350.0,350.0,1,0.995833,0.995833,0.0,0.991667,0.004166000000000003,2026-09-18_01-50-21.log,2026-09-18_01-58-40.log,350
60466,4,400.0,400.0,1,0.876667,0.876667,0.0,0.86,0.016666999999999987,2026-09-18_02-06-08.log,2026-09-18_02-17-05.log,400
60466,4,500.0,500.0,1,0.741667,0.741667,0.0,0.708333,0.033333999999999975,2026-09-18_02-26-38.log,2026-09-18_02-38-56.log,500
60466,4,600.0,600.0,1,0.516667,0.516667,0.0,0.490476,0.026190999999999964,2026-09-18_02-49-32.log,2026-09-18_03-03-06.log,600
60466,4,700.0,700.0,1,0.402083,0.404167,0.0020839999999999748,0.36875,0.033333,2026-09-18_03-14-56.log,2026-09-18_03-29-46.log,700
37283284,5,350.0,350.0,1,0.9875,0.9875,0.0,0.970833,0.0166670000000001,2026-09-18_03-42-12.log,2026-09-18_03-51-00.log,350
37283284,5,400.0,400.0,1,0.973333,0.973333,0.0,0.94,0.03333300000000006,2026-09-18_03-59-06.log,2026-09-18_04-10-35.log,400
37283284,5,500.0,500.0,1,0.761111,0.761111,0.0,0.727778,0.033332999999999946,2026-09-18_04-21-15.log,2026-09-18_04-34-23.log,500
37283284,5,600.0,600.0,1,0.559524,0.561905,0.0023809999999999665,0.602381,-0.042857000000000034,2026-09-18_04-46-19.log,2026-09-18_05-00-17.log,600
37283284,5,700.0,700.0,1,0.491667,0.491667,0.0,0.439583,0.05208400000000002,2026-09-18_05-13-44.log,2026-09-18_05-29-49.log,700
1555680,5,350.0,350.0,1,0.9875,0.9875,0.0,0.975,0.012500000000000067,2026-09-18_05-43-50.log,2026-09-18_05-52-42.log,350
1555680,5,400.0,400.0,1,0.956667,0.956667,0.0,0.92,0.036667000000000005,2026-09-18_06-00-41.log,2026-09-18_06-12-02.log,400
1555680,5,500.0,500.0,1,0.755556,0.755556,0.0,0.736111,0.019445000000000046,2026-09-18_06-22-29.log,2026-09-18_06-35-06.log,500
1555680,5,600.0,600.0,1,0.552381,0.557143,0.004762000000000044,0.521429,0.03095199999999998,2026-09-18_06-47-17.log,2026-09-18_07-00-40.log,600
1555680,5,700.0,700.0,1,0.452083,0.452083,0.0,0.427083,0.025000000000000022,2026-09-18_07-13-48.log,2026-09-18_07-29-08.log,700
60466,5,350.0,350.0,1,0.995833,0.995833,0.0,0.991667,0.004166000000000003,2026-09-18_07-43-35.log,2026-09-18_07-52-06.log,350
60466,5,400.0,400.0,1,0.906667,0.906667,0.0,0.936667,-0.030000000000000027,2026-09-18_08-00-25.log,2026-09-18_08-11-51.log,400
60466,5,500.0,500.0,1,0.727778,0.727778,0.0,0.741667,-0.01388899999999993,2026-09-18_08-22-32.log,2026-09-18_08-34-11.log,500
60466,5,600.0,600.0,1,0.521429,0.538095,0.01666599999999996,0.578571,-0.057141999999999915,2026-09-18_08-46-19.log,2026-09-18_09-00-12.log,600
60466,5,700.0,700.0,1,0.433333,0.433333,0.0,0.45,-0.016666999999999987,2026-09-18_09-13-32.log,2026-09-18_09-28-56.log,700
37283284,6,350.0,350.0,1,0.995833,0.995833,0.0,0.991667,0.004166000000000003,2026-09-18_09-42-45.log,2026-09-18_09-52-02.log,350
37283284,6,400.0,400.0,1,0.963333,0.963333,0.0,0.946667,0.01666599999999996,2026-09-18_10-00-35.log,2026-09-18_10-12-07.log,400
37283284,6,500.0,500.0,1,0.780556,0.780556,0.0,0.825,-0.04444399999999993,2026-09-18_10-23-42.log,2026-09-18_10-37-42.log,500
37283284,6,600.0,600.0,1,0.602381,0.602381,0.0,0.597619,0.004762000000000044,2026-09-18_10-51-22.log,2026-09-18_11-06-16.log,600
37283284,6,700.0,700.0,1,0.55625,0.55625,0.0,0.514583,0.04166700000000001,2026-09-18_11-21-15.log,2026-09-18_11-37-56.log,700
1555680,6,350.0,350.0,1,0.995833,0.995833,0.0,0.979167,0.01666599999999996,2026-09-18_11-53-39.log,2026-09-18_12-02-47.log,350
1555680,6,400.0,400.0,1,0.956667,0.956667,0.0,0.96,-0.0033329999999999194,2026-09-18_12-11-20.log,2026-09-18_12-23-52.log,400
1555680,6,500.0,500.0,1,0.816667,0.816667,0.0,0.758333,0.058334,2026-09-18_12-35-14.log,2026-09-18_12-49-10.log,500
1555680,6,600.0,600.0,1,0.590476,0.590476,0.0,0.583333,0.0071430000000000105,2026-09-18_13-02-39.log,2026-09-18_13-17-50.log,600
1555680,6,700.0,700.0,1,0.497917,0.497917,0.0,0.48125,0.016666999999999987,2026-09-18_13-32-43.log,2026-09-18_13-49-34.log,700
60466,6,350.0,350.0,1,1.0,1.0,0.0,0.995833,0.004167000000000032,2026-09-18_14-05-42.log,2026-09-18_14-14-31.log,350
60466,6,400.0,400.0,1,0.953333,0.956667,0.003334000000000059,0.943333,0.010000000000000009,2026-09-18_14-23-00.log,2026-09-18_14-35-10.log,400
60466,6,500.0,500.0,1,0.794444,0.794444,0.0,0.813889,-0.019444999999999935,2026-09-18_14-46-38.log,2026-09-18_15-00-05.log,500
60466,6,600.0,600.0,1,0.571429,0.57381,0.0023810000000000775,0.602381,-0.03095200000000009,2026-09-18_15-13-26.log,2026-09-18_15-27-35.log,600
60466,6,700.0,700.0,1,0.5125,0.5125,0.0,0.4875,0.024999999999999967,2026-09-18_15-42-20.log,2026-09-18_15-58-54.log,700
37283284,7,350.0,350.0,1,0.9875,0.9875,0.0,0.991667,-0.004166999999999921,2026-09-18_16-14-43.log,2026-09-18_16-24-07.log,350
37283284,7,400.0,400.0,1,0.966667,0.966667,0.0,0.966667,0.0,2026-09-18_16-33-03.log,2026-09-18_16-45-27.log,400
37283284,7,500.0,500.0,1,0.827778,0.827778,0.0,0.822222,0.005556000000000005,2026-09-18_16-57-50.log,2026-09-18_17-12-23.log,500
37283284,7,600.0,600.0,1,0.666667,0.666667,0.0,0.62619,0.040476999999999985,2026-09-18_17-27-19.log,2026-09-18_17-42-51.log,600
37283284,7,700.0,700.0,1,0.529167,0.529167,0.0,0.54375,-0.014582999999999902,2026-09-18_17-59-20.log,2026-09-18_18-16-34.log,700
1555680,7,350.0,350.0,1,1.0,1.0,0.0,0.991667,0.008333000000000035,2026-09-18_18-34-02.log,2026-09-18_18-43-26.log,350
1555680,7,400.0,400.0,1,0.963333,0.963333,0.0,0.966667,-0.003334000000000059,2026-09-18_18-52-21.log,2026-09-18_19-05-09.log,400
1555680,7,500.0,500.0,1,0.8,0.8,0.0,0.8,0.0,2026-09-18_19-17-23.log,2026-09-18_19-32-54.log,500
1555680,7,600.0,600.0,1,0.604762,0.604762,0.0,0.62381,-0.019047999999999954,2026-09-18_19-49-39.log,2026-09-18_20-05-22.log,600
1555680,7,700.0,700.0,1,0.477083,0.485417,0.008334000000000008,0.525,-0.04791700000000004,2026-09-18_20-21-52.log,2026-09-18_20-38-51.log,700
60466,7,350.0,350.0,1,0.995833,1.0,0.004167000000000032,1.0,-0.004167000000000032,2026-09-18_20-56-32.log,2026-09-18_21-05-43.log,350
60466,7,400.0,400.0,1,0.976667,0.976667,0.0,0.953333,0.023333999999999966,2026-09-18_21-14-29.log,2026-09-18_21-26-43.log,400
60466,7,500.0,500.0,1,0.797222,0.797222,0.0,0.797222,0.0,2026-09-18_21-38-49.log,2026-09-18_21-53-24.log,500
60466,7,600.0,600.0,1,0.628571,0.628571,0.0,0.645238,-0.016666999999999987,2026-09-18_22-08-04.log,2026-09-18_22-23-51.log,600
60466,7,700.0,700.0,1,0.554167,0.554167,0.0,0.545833,0.008333999999999953,2026-09-18_22-39-59.log,2026-09-18_22-56-52.log,700
37283284,8,350.0,350.0,1,1.0,1.0,0.0,0.991667,0.008333000000000035,2026-09-18_23-14-16.log,2026-09-18_23-23-50.log,350
37283284,8,400.0,400.0,1,0.996667,0.996667,0.0,0.98,0.016666999999999987,2026-09-18_23-32-58.log,2026-09-18_23-46-38.log,400
37283284,8,500.0,500.0,1,0.858333,0.858333,0.0,0.863889,-0.005556000000000005,2026-09-18_23-59-28.log,2026-09-19_00-15-21.log,500
37283284,8,600.0,600.0,1,0.654762,0.654762,0.0,0.661905,-0.0071430000000000105,2026-09-19_00-31-07.log,2026-09-19_00-47-25.log,600
37283284,8,700.0,700.0,1,0.6,0.6,0.0,0.614583,-0.014583000000000013,2026-09-19_01-05-26.log,2026-09-19_01-23-31.log,700
1555680,8,350.0,350.0,1,1.0,1.0,0.0,0.995833,0.004167000000000032,2026-09-19_01-42-44.log,2026-09-19_01-52-19.log,350
1555680,8,400.0,400.0,1,0.983333,0.983333,0.0,0.983333,0.0,2026-09-19_02-01-29.log,2026-09-19_02-14-20.log,400
1555680,8,500.0,500.0,1,0.838889,0.838889,0.0,0.852778,-0.01388900000000004,2026-09-19_02-26-51.log,2026-09-19_02-42-47.log,500
1555680,8,600.0,600.0,1,0.711905,0.711905,0.0,0.640476,0.07142899999999996,2026-09-19_02-58-34.log,2026-09-19_03-14-15.log,600
1555680,8,700.0,700.0,1,0.570833,0.570833,0.0,0.602083,-0.03125,2026-09-19_03-32-06.log,2026-09-19_03-49-55.log,700
60466,8,350.0,350.0,1,1.0,1.0,0.0,0.995833,0.004167000000000032,2026-09-19_04-09-19.log,2026-09-19_04-18-38.log,350
60466,8,400.0,400.0,1,0.98,0.98,0.0,0.98,0.0,2026-09-19_04-27-39.log,2026-09-19_04-40-11.log,400
60466,8,500.0,500.0,1,0.844444,0.844444,0.0,0.85,-0.005556000000000005,2026-09-19_04-52-47.log,2026-09-19_05-07-10.log,500
60466,8,600.0,600.0,1,0.633333,0.640476,0.0071430000000000105,0.661905,-0.02857199999999993,2026-09-19_05-22-45.log,2026-09-19_05-38-29.log,600
60466,8,700.0,700.0,1,0.564583,0.564583,0.0,0.560417,0.004165999999999892,2026-09-19_05-55-56.log,2026-09-19_06-12-48.log,700
37283284,2,350.0,350.0,1,0.791667,0.791667,0.0,0.775,0.016666999999999987,2026-09-19_15-27-26.log,2026-09-19_15-34-35.log,350
37283284,2,400.0,400.0,1,0.663333,0.663333,0.0,0.62,0.043332999999999955,2026-09-19_15-40-39.log,2026-09-19_15-49-10.log,400
37283284,2,500.0,500.0,1,0.475,0.475,0.0,0.444444,0.030555999999999972,2026-09-19_15-56-37.log,2026-09-19_16-06-20.log,500
37283284,2,600.0,600.0,1,0.32619,0.32619,0.0,0.316667,0.009523000000000004,2026-09-19_16-14-24.log,2026-09-19_16-25-04.log,600
37283284,2,700.0,700.0,1,0.285417,0.285417,0.0,0.264583,0.020833999999999964,2026-09-19_16-34-09.log,2026-09-19_16-46-14.log,700
1555680,2,350.0,350.0,1,0.816667,0.816667,0.0,0.758333,0.058334,2026-09-19_16-56-51.log,2026-09-19_17-04-05.log,350
1555680,2,400.0,400.0,1,0.71,0.71,0.0,0.676667,0.033332999999999946,2026-09-19_17-10-05.log,2026-09-19_17-18-54.log,400
1555680,2,500.0,500.0,1,0.419444,0.419444,0.0,0.405556,0.013887999999999956,2026-09-19_17-26-10.log,2026-09-19_17-35-45.log,500
1555680,2,600.0,600.0,1,0.283333,0.283333,0.0,0.288095,-0.0047619999999999885,2026-09-19_17-43-37.log,2026-09-19_17-53-40.log,600
1555680,2,700.0,700.0,1,0.252083,0.252083,0.0,0.25,0.0020830000000000015,2026-09-19_18-02-27.log,2026-09-19_18-14-34.log,700
60466,2,350.0,350.0,1,0.8875,0.8875,0.0,0.870833,0.016666999999999987,2026-09-19_18-25-03.log,2026-09-19_18-32-19.log,350
60466,2,400.0,400.0,1,0.72,0.72,0.0,0.7,0.020000000000000018,2026-09-19_18-38-09.log,2026-09-19_18-46-50.log,400
60466,2,500.0,500.0,1,0.505556,0.508333,0.0027770000000000294,0.505556,0.0,2026-09-19_18-54-03.log,2026-09-19_19-02-55.log,500
60466,2,600.0,600.0,1,0.342857,0.342857,0.0,0.340476,0.002381000000000022,2026-09-19_19-10-52.log,2026-09-19_19-21-41.log,600
60466,2,700.0,700.0,1,0.25,0.25,0.0,0.235417,0.014583000000000013,2026-09-19_19-30-58.log,2026-09-19_19-42-37.log,700
37283284,3,350.0,350.0,1,0.95,0.95,0.0,0.908333,0.04166700000000001,2026-09-19_19-53-13.log,2026-09-19_20-01-18.log,350
37283284,3,400.0,400.0,1,0.78,0.793333,0.013332999999999928,0.806667,-0.026666999999999996,2026-09-19_20-08-07.log,2026-09-19_20-17-32.log,400
37283284,3,500.0,500.0,1,0.616667,0.616667,0.0,0.575,0.04166700000000001,2026-09-19_20-26-05.log,2026-09-19_20-36-55.log,500
37283284,3,600.0,600.0,1,0.447619,0.447619,0.0,0.419048,0.028571000000000013,2026-09-19_20-45-58.log,2026-09-19_20-57-09.log,600
37283284,3,700.0,700.0,1,0.377083,0.377083,0.0,0.31875,0.058333000000000024,2026-09-19_21-07-39.log,2026-09-19_21-21-21.log,700
1555680,3,350.0,350.0,1,0.9375,0.9375,0.0,0.916667,0.02083299999999999,2026-09-19_21-32-54.log,2026-09-19_21-40-42.log,350
1555680,3,400.0,400.0,1,0.846667,0.846667,0.0,0.84,0.0066669999999999785,2026-09-19_21-47-33.log,2026-09-19_21-57-50.log,400
1555680,3,500.0,500.0,1,0.594444,0.594444,0.0,0.558333,0.036111000000000004,2026-09-19_22-06-10.log,2026-09-19_22-17-22.log,500
1555680,3,600.0,600.0,1,0.428571,0.428571,0.0,0.37619,0.052380999999999955,2026-09-19_22-26-39.log,2026-09-19_22-38-42.log,600
1555680,3,700.0,700.0,1,0.383333,0.383333,0.0,0.327083,0.05624999999999997,2026-09-19_22-48-38.log,2026-09-19_23-03-01.log,700
60466,3,350.0,350.0,1,0.975,0.975,0.0,0.95,0.025000000000000022,2026-09-19_23-14-34.log,2026-09-19_23-22-26.log,350
60466,3,400.0,400.0,1,0.856667,0.856667,0.0,0.813333,0.043333999999999984,2026-09-19_23-29-09.log,2026-09-19_23-39-07.log,400
60466,3,500.0,500.0,1,0.65,0.65,0.0,0.597222,0.05277799999999999,2026-09-19_23-47-31.log,2026-09-19_23-58-12.log,500
60466,3,600.0,600.0,1,0.459524,0.459524,0.0,0.457143,0.0023809999999999665,2026-09-20_00-07-30.log,2026-09-20_00-19-55.log,600
60466,3,700.0,700.0,1,0.341667,0.345833,0.004166000000000003,0.358333,-0.016666000000000014,2026-09-20_12-49-48.log,2026-09-20_13-11-23.log,700
