method,run,log,actual_pdr,actual_pdr_source,predicted_pdr,predicted_pdr_source,prediction_error_actual_minus_predicted,absolute_prediction_error,runtime_seconds,runtime_source
PSO,1,../build/logs/final_experiments/3_relays_high-high_pso/2026-09-23_07-15-18.log,0.575,Final global best fitness,,,,,595.89553,Final Evaluation Time
PSO,2,../build/logs/final_experiments/3_relays_high-high_pso/2026-09-23_07-35-16.log,0.577778,Final global best fitness,,,,,615.27208,Final Evaluation Time
PSO,3,../build/logs/final_experiments/3_relays_high-high_pso/2026-09-23_07-55-39.log,0.616667,Final global best fitness,,,,,623.44453,Final Evaluation Time
PSO,4,../build/logs/final_experiments/3_relays_high-high_pso/2026-09-23_08-16-16.log,0.6,Final global best fitness,,,,,613.07181,Final Evaluation Time
PSO,5,../build/logs/final_experiments/3_relays_high-high_pso/2026-09-23_08-36-31.log,0.636111,Final global best fitness,,,,,610.96335,Final Evaluation Time
PSO,6,../build/logs/final_experiments/3_relays_high-high_pso/2026-09-23_08-57-07.log,0.588889,Final global best fitness,,,,,626.70077,Final Evaluation Time
PSO,7,../build/logs/final_experiments/3_relays_high-high_pso/2026-09-23_09-17-37.log,0.647222,Final global best fitness,,,,,649.71894,Final Evaluation Time
PSO,8,../build/logs/final_experiments/3_relays_high-high_pso/2026-09-23_09-38-22.log,0.680556,Final global best fitness,,,,,624.21608,Final Evaluation Time
PSO,9,../build/logs/final_experiments/3_relays_high-high_pso/2026-09-23_09-58-49.log,0.625,Final global best fitness,,,,,621.86759,Final Evaluation Time
PSO,10,../build/logs/final_experiments/3_relays_high-high_pso/2026-09-23_10-19-05.log,0.636111,Final global best fitness,,,,,610.32072,Final Evaluation Time
PSO,11,../build/logs/final_experiments/3_relays_high-high_pso/2026-09-23_10-39-17.log,0.6,Final global best fitness,,,,,586.59952,Final Evaluation Time
PSO,12,../build/logs/final_experiments/3_relays_high-high_pso/2026-09-23_10-58-45.log,0.625,Final global best fitness,,,,,641.88513,Final Evaluation Time
PSO,13,../build/logs/final_experiments/3_relays_high-high_pso/2026-09-28_19-55-07.log,0.638889,Final global best fitness,,,,,654.286,Final Evaluation Time
PSO,14,../build/logs/final_experiments/3_relays_high-high_pso/2026-09-28_20-06-12.log,0.552778,Final global best fitness,,,,,661.067,Final Evaluation Time
PSO,15,../build/logs/final_experiments/3_relays_high-high_pso/2026-09-28_20-17-24.log,0.619444,Final global best fitness,,,,,687.35,Final Evaluation Time
PSO,16,../build/logs/final_experiments/3_relays_high-high_pso/2026-09-28_20-29-03.log,0.683333,Final global best fitness,,,,,682.218,Final Evaluation Time
PSO,17,../build/logs/final_experiments/3_relays_high-high_pso/2026-09-28_20-40-35.log,0.641667,Final global best fitness,,,,,614.007,Final Evaluation Time
PSO,18,../build/logs/final_experiments/3_relays_high-high_pso/2026-09-28_20-50-59.log,0.547222,Final global best fitness,,,,,562.015,Final Evaluation Time
PSO,19,../build/logs/final_experiments/3_relays_high-high_pso/2026-09-28_21-00-32.log,0.661111,Final global best fitness,,,,,581.518,Final Evaluation Time
PSO,20,../build/logs/final_experiments/3_relays_high-high_pso/2026-09-28_21-10-23.log,0.561111,Final global best fitness,,,,,590.824,Final Evaluation Time
PSO,21,../build/logs/final_experiments/3_relays_high-high_pso/2026-09-28_21-20-25.log,0.658333,Final global best fitness,,,,,642.659,Final Evaluation Time
PSO,22,../build/logs/final_experiments/3_relays_high-high_pso/2026-09-28_21-31-18.log,0.583333,Final global best fitness,,,,,605.453,Final Evaluation Time
PSO,23,../build/logs/final_experiments/3_relays_high-high_pso/2026-09-28_21-41-33.log,0.605556,Final global best fitness,,,,,618.469,Final Evaluation Time
PSO,24,../build/logs/final_experiments/3_relays_high-high_pso/2026-09-28_21-52-02.log,0.575,Final global best fitness,,,,,627.028,Final Evaluation Time
PSO,25,../build/logs/final_experiments/3_relays_high-high_pso/2026-09-28_22-02-41.log,0.619444,Final global best fitness,,,,,710.454,Final Evaluation Time
Naive,1,../build/logs/final_experiments/3_relays_high-high_naive/2026-09-23_07-25-56.log,0.547222,Final global best fitness,,,,,547.307,Final Evaluation Time
Naive,2,../build/logs/final_experiments/3_relays_high-high_naive/2026-09-23_07-46-15.log,0.541667,Final global best fitness,,,,,551.357,Final Evaluation Time
Naive,3,../build/logs/final_experiments/3_relays_high-high_naive/2026-09-23_08-06-47.log,0.583333,Final global best fitness,,,,,556.402,Final Evaluation Time
Naive,4,../build/logs/final_experiments/3_relays_high-high_naive/2026-09-23_08-27-12.log,0.555556,Final global best fitness,,,,,546.536,Final Evaluation Time
Naive,5,../build/logs/final_experiments/3_relays_high-high_naive/2026-09-23_08-47-25.log,0.608333,Final global best fitness,,,,,568.722,Final Evaluation Time
Naive,6,../build/logs/final_experiments/3_relays_high-high_naive/2026-09-23_09-08-17.log,0.577778,Final global best fitness,,,,,546.87,Final Evaluation Time
Naive,7,../build/logs/final_experiments/3_relays_high-high_naive/2026-09-23_09-29-11.log,0.591667,Final global best fitness,,,,,537.895,Final Evaluation Time
Naive,8,../build/logs/final_experiments/3_relays_high-high_naive/2026-09-23_09-49-30.log,0.586111,Final global best fitness,,,,,546.872,Final Evaluation Time
Naive,9,../build/logs/final_experiments/3_relays_high-high_naive/2026-09-23_10-09-55.log,0.575,Final global best fitness,,,,,537.412,Final Evaluation Time
Naive,10,../build/logs/final_experiments/3_relays_high-high_naive/2026-09-23_10-29-59.log,0.580556,Final global best fitness,,,,,544.745,Final Evaluation Time
Naive,11,../build/logs/final_experiments/3_relays_high-high_naive/2026-09-23_10-49-46.log,0.580556,Final global best fitness,,,,,526.642,Final Evaluation Time
Naive,12,../build/logs/final_experiments/3_relays_high-high_naive/2026-09-23_11-10-12.log,0.613889,Final global best fitness,,,,,548.936,Final Evaluation Time
Naive,13,../build/logs/final_experiments/3_relays_high-high_naive/2026-09-28_22-14-47.log,0.586111,Final global best fitness,,,,,620.818,Final Evaluation Time
Naive,14,../build/logs/final_experiments/3_relays_high-high_naive/2026-09-28_22-25-22.log,0.538889,Final global best fitness,,,,,609.906,Final Evaluation Time
Naive,15,../build/logs/final_experiments/3_relays_high-high_naive/2026-09-28_22-35-45.log,0.569444,Final global best fitness,,,,,621.804,Final Evaluation Time
Naive,16,../build/logs/final_experiments/3_relays_high-high_naive/2026-09-28_22-46-20.log,0.602778,Final global best fitness,,,,,606.479,Final Evaluation Time
Naive,17,../build/logs/final_experiments/3_relays_high-high_naive/2026-09-28_22-56-40.log,0.586111,Final global best fitness,,,,,573.962,Final Evaluation Time
Naive,18,../build/logs/final_experiments/3_relays_high-high_naive/2026-09-28_23-06-27.log,0.538889,Final global best fitness,,,,,622.233,Final Evaluation Time
Naive,19,../build/logs/final_experiments/3_relays_high-high_naive/2026-09-28_23-17-02.log,0.591667,Final global best fitness,,,,,597.951,Final Evaluation Time
Naive,20,../build/logs/final_experiments/3_relays_high-high_naive/2026-09-28_23-27-13.log,0.55,Final global best fitness,,,,,598.235,Final Evaluation Time
Naive,21,../build/logs/final_experiments/3_relays_high-high_naive/2026-09-28_23-37-25.log,0.605556,Final global best fitness,,,,,586.178,Final Evaluation Time
Naive,22,../build/logs/final_experiments/3_relays_high-high_naive/2026-09-28_23-47-25.log,0.552778,Final global best fitness,,,,,586.584,Final Evaluation Time
Naive,23,../build/logs/final_experiments/3_relays_high-high_naive/2026-09-28_23-57-25.log,0.588889,Final global best fitness,,,,,588.602,Final Evaluation Time
Naive,24,../build/logs/final_experiments/3_relays_high-high_naive/2026-09-29_00-07-28.log,0.563889,Final global best fitness,,,,,625.872,Final Evaluation Time
Naive,25,../build/logs/final_experiments/3_relays_high-high_naive/2026-09-29_00-18-07.log,0.622222,Final global best fitness,,,,,627.006,Final Evaluation Time
PSO-RF,1,../build/logs/final_experiments/3_relays_high-high_RF_8c_hy1_pso/2026-09-29_00-43-52.log,0.580556,Simulation of the best surrogate solution results: 0.580556,0.549776,Final global best fitness,0.03077999999999992,0.03077999999999992,23.5712,Final Evaluation Time
PSO-RF,2,../build/logs/final_experiments/3_relays_high-high_RF_8c_hy1_pso/2026-09-29_00-44-28.log,0.508333,Simulation of the best surrogate solution results: 0.508333,0.564118,Final global best fitness,-0.055784999999999973,0.055784999999999973,23.9688,Final Evaluation Time
PSO-RF,3,../build/logs/final_experiments/3_relays_high-high_RF_8c_hy1_pso/2026-09-29_00-45-04.log,0.566667,Simulation of the best surrogate solution results: 0.566667,0.566942,Final global best fitness,-0.0002749999999999142,0.0002749999999999142,24.3231,Final Evaluation Time
PSO-RF,4,../build/logs/final_experiments/3_relays_high-high_RF_8c_hy1_pso/2026-09-29_00-45-41.log,0.566667,Simulation of the best surrogate solution results: 0.566667,0.574735,Final global best fitness,-0.008067999999999964,0.008067999999999964,23.1874,Final Evaluation Time
PSO-RF,5,../build/logs/final_experiments/3_relays_high-high_RF_8c_hy1_pso/2026-09-29_00-46-16.log,0.580556,Simulation of the best surrogate solution results: 0.580556,0.57392,Final global best fitness,0.006635999999999975,0.006635999999999975,26.2071,Final Evaluation Time
PSO-RF,6,../build/logs/final_experiments/3_relays_high-high_RF_8c_hy1_pso/2026-09-29_00-46-54.log,0.588889,Simulation of the best surrogate solution results: 0.588889,0.577227,Final global best fitness,0.01166199999999995,0.01166199999999995,24.3444,Final Evaluation Time
PSO-RF,7,../build/logs/final_experiments/3_relays_high-high_RF_8c_hy1_pso/2026-09-29_00-47-31.log,0.591667,Simulation of the best surrogate solution results: 0.591667,0.571452,Final global best fitness,0.020215000000000094,0.020215000000000094,27.1901,Final Evaluation Time
PSO-RF,8,../build/logs/final_experiments/3_relays_high-high_RF_8c_hy1_pso/2026-09-29_00-48-11.log,0.555556,Simulation of the best surrogate solution results: 0.555556,0.580793,Final global best fitness,-0.025236999999999954,0.025236999999999954,23.4863,Final Evaluation Time
PSO-RF,9,../build/logs/final_experiments/3_relays_high-high_RF_8c_hy1_pso/2026-09-29_00-48-45.log,0.572222,Simulation of the best surrogate solution results: 0.572222,0.581157,Final global best fitness,-0.008935000000000026,0.008935000000000026,23.0792,Final Evaluation Time
PSO-RF,10,../build/logs/final_experiments/3_relays_high-high_RF_8c_hy1_pso/2026-09-29_00-49-21.log,0.525,Simulation of the best surrogate solution results: 0.525,0.564758,Final global best fitness,-0.03975799999999996,0.03975799999999996,23.8344,Final Evaluation Time
PSO-RF,11,../build/logs/final_experiments/3_relays_high-high_RF_8c_hy1_pso/2026-09-29_00-49-56.log,0.605556,Simulation of the best surrogate solution results: 0.605556,0.561836,Final global best fitness,0.04371999999999998,0.04371999999999998,22.5943,Final Evaluation Time
PSO-RF,12,../build/logs/final_experiments/3_relays_high-high_RF_8c_hy1_pso/2026-09-29_00-50-31.log,0.6,Simulation of the best surrogate solution results: 0.6,0.580867,Final global best fitness,0.019132999999999956,0.019132999999999956,24.8186,Final Evaluation Time
PSO-RF,13,../build/logs/final_experiments/3_relays_high-high_RF_8c_hy1_pso/2026-09-29_00-51-07.log,0.605556,Simulation of the best surrogate solution results: 0.605556,0.580084,Final global best fitness,0.02547199999999994,0.02547199999999994,23.1073,Final Evaluation Time
PSO-RF,14,../build/logs/final_experiments/3_relays_high-high_RF_8c_hy1_pso/2026-09-29_00-51-42.log,0.516667,Simulation of the best surrogate solution results: 0.516667,0.555928,Final global best fitness,-0.03926099999999999,0.03926099999999999,22.741,Final Evaluation Time
PSO-RF,15,../build/logs/final_experiments/3_relays_high-high_RF_8c_hy1_pso/2026-09-29_00-52-15.log,0.541667,Simulation of the best surrogate solution results: 0.541667,0.566495,Final global best fitness,-0.02482799999999996,0.02482799999999996,23.1232,Final Evaluation Time
PSO-RF,16,../build/logs/final_experiments/3_relays_high-high_RF_8c_hy1_pso/2026-09-29_00-52-49.log,0.577778,Simulation of the best surrogate solution results: 0.577778,0.567664,Final global best fitness,0.010114000000000067,0.010114000000000067,24.6375,Final Evaluation Time
PSO-RF,17,../build/logs/final_experiments/3_relays_high-high_RF_8c_hy1_pso/2026-09-29_00-53-26.log,0.572222,Simulation of the best surrogate solution results: 0.572222,0.561601,Final global best fitness,0.010620999999999992,0.010620999999999992,25.3427,Final Evaluation Time
PSO-RF,18,../build/logs/final_experiments/3_relays_high-high_RF_8c_hy1_pso/2026-09-29_00-54-04.log,0.505556,Simulation of the best surrogate solution results: 0.505556,0.557347,Final global best fitness,-0.05179100000000003,0.05179100000000003,24.5052,Final Evaluation Time
PSO-RF,19,../build/logs/final_experiments/3_relays_high-high_RF_8c_hy1_pso/2026-09-29_00-54-39.log,0.613889,Simulation of the best surrogate solution results: 0.613889,0.58483,Final global best fitness,0.029059000000000057,0.029059000000000057,22.8151,Final Evaluation Time
PSO-RF,20,../build/logs/final_experiments/3_relays_high-high_RF_8c_hy1_pso/2026-09-29_00-55-13.log,0.516667,Simulation of the best surrogate solution results: 0.516667,0.555504,Final global best fitness,-0.03883700000000001,0.03883700000000001,25.8324,Final Evaluation Time
PSO-RF,21,../build/logs/final_experiments/3_relays_high-high_RF_8c_hy1_pso/2026-09-29_00-55-51.log,0.675,Simulation of the best surrogate solution results: 0.675,0.574182,Final global best fitness,0.10081800000000007,0.10081800000000007,24.378,Final Evaluation Time
PSO-RF,22,../build/logs/final_experiments/3_relays_high-high_RF_8c_hy1_pso/2026-09-29_00-56-27.log,0.494444,Simulation of the best surrogate solution results: 0.494444,0.562798,Final global best fitness,-0.06835400000000003,0.06835400000000003,25.9025,Final Evaluation Time
PSO-RF,23,../build/logs/final_experiments/3_relays_high-high_RF_8c_hy1_pso/2026-09-29_00-57-06.log,0.519444,Simulation of the best surrogate solution results: 0.519444,0.569655,Final global best fitness,-0.050211000000000006,0.050211000000000006,26.0308,Final Evaluation Time
PSO-RF,24,../build/logs/final_experiments/3_relays_high-high_RF_8c_hy1_pso/2026-09-29_00-57-45.log,0.522222,Simulation of the best surrogate solution results: 0.522222,0.539631,Final global best fitness,-0.017409000000000008,0.017409000000000008,25.5848,Final Evaluation Time
PSO-RF,25,../build/logs/final_experiments/3_relays_high-high_RF_8c_hy1_pso/2026-09-29_00-58-23.log,0.55,Simulation of the best surrogate solution results: 0.55,0.565309,Final global best fitness,-0.015308999999999906,0.015308999999999906,24.4346,Final Evaluation Time
Naive-RF,1,../build/logs/final_experiments/3_relays_high-high_RF_8c_hy1_naive/2026-09-29_02-16-24.log,0.547222,Final global best fitness,0.551604,last new best fitness,-0.004381999999999997,0.004381999999999997,22.124,Final Evaluation Time
Naive-RF,2,../build/logs/final_experiments/3_relays_high-high_RF_8c_hy1_naive/2026-09-29_02-16-59.log,0.488889,Final global best fitness,0.550412,last new best fitness,-0.061522999999999994,0.061522999999999994,22.5301,Final Evaluation Time
Naive-RF,3,../build/logs/final_experiments/3_relays_high-high_RF_8c_hy1_naive/2026-09-29_02-17-36.log,0.55,Final global best fitness,0.552543,last new best fitness,-0.002542999999999962,0.002542999999999962,22.8825,Final Evaluation Time
Naive-RF,4,../build/logs/final_experiments/3_relays_high-high_RF_8c_hy1_naive/2026-09-29_02-18-13.log,0.544444,Final global best fitness,0.558915,last new best fitness,-0.014471000000000012,0.014471000000000012,20.3082,Final Evaluation Time
Naive-RF,5,../build/logs/final_experiments/3_relays_high-high_RF_8c_hy1_naive/2026-09-29_02-18-46.log,0.591667,Final global best fitness,0.572017,last new best fitness,0.019650000000000056,0.019650000000000056,20.0964,Final Evaluation Time
Naive-RF,6,../build/logs/final_experiments/3_relays_high-high_RF_8c_hy1_naive/2026-09-29_02-19-19.log,0.497222,Final global best fitness,0.554754,last new best fitness,-0.05753199999999997,0.05753199999999997,20.2334,Final Evaluation Time
Naive-RF,7,../build/logs/final_experiments/3_relays_high-high_RF_8c_hy1_naive/2026-09-29_02-19-51.log,0.583333,Final global best fitness,0.56695,last new best fitness,0.016383000000000036,0.016383000000000036,20.5421,Final Evaluation Time
Naive-RF,8,../build/logs/final_experiments/3_relays_high-high_RF_8c_hy1_naive/2026-09-29_02-20-26.log,0.566667,Final global best fitness,0.559805,last new best fitness,0.006862000000000035,0.006862000000000035,23.8654,Final Evaluation Time
Naive-RF,9,../build/logs/final_experiments/3_relays_high-high_RF_8c_hy1_naive/2026-09-29_02-21-04.log,0.541667,Final global best fitness,0.563908,last new best fitness,-0.022240999999999955,0.022240999999999955,22.5071,Final Evaluation Time
Naive-RF,10,../build/logs/final_experiments/3_relays_high-high_RF_8c_hy1_naive/2026-09-29_02-21-40.log,0.566667,Final global best fitness,0.541875,last new best fitness,0.024792000000000036,0.024792000000000036,21.6317,Final Evaluation Time
Naive-RF,11,../build/logs/final_experiments/3_relays_high-high_RF_8c_hy1_naive/2026-09-29_02-22-16.log,0.55,Final global best fitness,0.560661,last new best fitness,-0.01066099999999992,0.01066099999999992,22.2424,Final Evaluation Time
Naive-RF,12,../build/logs/final_experiments/3_relays_high-high_RF_8c_hy1_naive/2026-09-29_02-22-54.log,0.608333,Final global best fitness,0.573892,last new best fitness,0.034441000000000055,0.034441000000000055,22.9876,Final Evaluation Time
Naive-RF,13,../build/logs/final_experiments/3_relays_high-high_RF_8c_hy1_naive/2026-09-29_02-23-30.log,0.561111,Final global best fitness,0.56275,last new best fitness,-0.001638999999999946,0.001638999999999946,22.1804,Final Evaluation Time
Naive-RF,14,../build/logs/final_experiments/3_relays_high-high_RF_8c_hy1_naive/2026-09-29_02-24-06.log,0.511111,Final global best fitness,0.53457,last new best fitness,-0.023459000000000008,0.023459000000000008,21.8343,Final Evaluation Time
Naive-RF,15,../build/logs/final_experiments/3_relays_high-high_RF_8c_hy1_naive/2026-09-29_02-24-42.log,0.55,Final global best fitness,0.553421,last new best fitness,-0.0034210000000000074,0.0034210000000000074,21.0936,Final Evaluation Time
Naive-RF,16,../build/logs/final_experiments/3_relays_high-high_RF_8c_hy1_naive/2026-09-29_02-25-16.log,0.555556,Final global best fitness,0.557408,last new best fitness,-0.0018519999999999648,0.0018519999999999648,22.4518,Final Evaluation Time
Naive-RF,17,../build/logs/final_experiments/3_relays_high-high_RF_8c_hy1_naive/2026-09-29_02-25-53.log,0.586111,Final global best fitness,0.556987,last new best fitness,0.02912400000000004,0.02912400000000004,21.9282,Final Evaluation Time
Naive-RF,18,../build/logs/final_experiments/3_relays_high-high_RF_8c_hy1_naive/2026-09-29_02-26-29.log,0.530556,Final global best fitness,0.542789,last new best fitness,-0.012232999999999938,0.012232999999999938,22.5662,Final Evaluation Time
Naive-RF,19,../build/logs/final_experiments/3_relays_high-high_RF_8c_hy1_naive/2026-09-29_02-27-06.log,0.577778,Final global best fitness,0.566956,last new best fitness,0.010821999999999998,0.010821999999999998,22.0337,Final Evaluation Time
Naive-RF,20,../build/logs/final_experiments/3_relays_high-high_RF_8c_hy1_naive/2026-09-29_02-27-42.log,0.516667,Final global best fitness,0.546403,last new best fitness,-0.029735999999999985,0.029735999999999985,21.2338,Final Evaluation Time
Naive-RF,21,../build/logs/final_experiments/3_relays_high-high_RF_8c_hy1_naive/2026-09-29_02-28-18.log,0.538889,Final global best fitness,0.56052,last new best fitness,-0.021631000000000067,0.021631000000000067,23.4318,Final Evaluation Time
Naive-RF,22,../build/logs/final_experiments/3_relays_high-high_RF_8c_hy1_naive/2026-09-29_02-28-56.log,0.530556,Final global best fitness,0.571771,last new best fitness,-0.041215,0.041215,23.6896,Final Evaluation Time
Naive-RF,23,../build/logs/final_experiments/3_relays_high-high_RF_8c_hy1_naive/2026-09-29_02-29-36.log,0.588889,Final global best fitness,0.557737,last new best fitness,0.031151999999999958,0.031151999999999958,23.1973,Final Evaluation Time
Naive-RF,24,../build/logs/final_experiments/3_relays_high-high_RF_8c_hy1_naive/2026-09-29_02-30-15.log,0.538889,Final global best fitness,0.52068,last new best fitness,0.01820899999999992,0.01820899999999992,22.8104,Final Evaluation Time
Naive-RF,25,../build/logs/final_experiments/3_relays_high-high_RF_8c_hy1_naive/2026-09-29_02-30-53.log,0.555556,Final global best fitness,0.56132,last new best fitness,-0.005763999999999991,0.005763999999999991,22.6783,Final Evaluation Time
Hybrid,1,../build/logs/final_experiments/3_relays_high-high_RF_8c_hy1_hybrid/2026-09-29_01-00-26.log,0.580556,Simulation of the best surrogate solution results: 0.580556,,,,,163.69,Final Evaluation Time
Hybrid,2,../build/logs/final_experiments/3_relays_high-high_RF_8c_hy1_hybrid/2026-09-29_01-03-22.log,0.511111,Simulation of the best surrogate solution results: 0.511111,,,,,169.682,Final Evaluation Time
Hybrid,3,../build/logs/final_experiments/3_relays_high-high_RF_8c_hy1_hybrid/2026-09-29_01-06-25.log,0.575,Simulation of the best surrogate solution results: 0.575,,,,,171.031,Final Evaluation Time
Hybrid,4,../build/logs/final_experiments/3_relays_high-high_RF_8c_hy1_hybrid/2026-09-29_01-09-28.log,0.580556,Simulation of the best surrogate solution results: 0.580556,,,,,155.502,Final Evaluation Time
Hybrid,5,../build/logs/final_experiments/3_relays_high-high_RF_8c_hy1_hybrid/2026-09-29_01-12-15.log,0.591667,Simulation of the best surrogate solution results: 0.591667,,,,,169.144,Final Evaluation Time
Hybrid,6,../build/logs/final_experiments/3_relays_high-high_RF_8c_hy1_hybrid/2026-09-29_01-15-17.log,0.569444,Simulation of the best surrogate solution results: 0.569444,,,,,163.183,Final Evaluation Time
Hybrid,7,../build/logs/final_experiments/3_relays_high-high_RF_8c_hy1_hybrid/2026-09-29_01-18-12.log,0.597222,Simulation of the best surrogate solution results: 0.597222,,,,,163.314,Final Evaluation Time
Hybrid,8,../build/logs/final_experiments/3_relays_high-high_RF_8c_hy1_hybrid/2026-09-29_01-21-08.log,0.652778,Simulation of the best surrogate solution results: 0.652778,,,,,172.823,Final Evaluation Time
Hybrid,9,../build/logs/final_experiments/3_relays_high-high_RF_8c_hy1_hybrid/2026-09-29_01-24-13.log,0.608333,Simulation of the best surrogate solution results: 0.608333,,,,,169.975,Final Evaluation Time
Hybrid,10,../build/logs/final_experiments/3_relays_high-high_RF_8c_hy1_hybrid/2026-09-29_01-27-16.log,0.577778,Simulation of the best surrogate solution results: 0.577778,,,,,166.383,Final Evaluation Time
Hybrid,11,../build/logs/final_experiments/3_relays_high-high_RF_8c_hy1_hybrid/2026-09-29_01-30-15.log,0.613889,Simulation of the best surrogate solution results: 0.613889,,,,,151.907,Final Evaluation Time
Hybrid,12,../build/logs/final_experiments/3_relays_high-high_RF_8c_hy1_hybrid/2026-09-29_01-32-58.log,0.616667,Simulation of the best surrogate solution results: 0.616667,,,,,170.674,Final Evaluation Time
Hybrid,13,../build/logs/final_experiments/3_relays_high-high_RF_8c_hy1_hybrid/2026-09-29_01-36-01.log,0.622222,Simulation of the best surrogate solution results: 0.622222,,,,,164.849,Final Evaluation Time
Hybrid,14,../build/logs/final_experiments/3_relays_high-high_RF_8c_hy1_hybrid/2026-09-29_01-38-57.log,0.536111,Simulation of the best surrogate solution results: 0.536111,,,,,167.519,Final Evaluation Time
Hybrid,15,../build/logs/final_experiments/3_relays_high-high_RF_8c_hy1_hybrid/2026-09-29_01-41-58.log,0.569444,Simulation of the best surrogate solution results: 0.569444,,,,,168.064,Final Evaluation Time
Hybrid,16,../build/logs/final_experiments/3_relays_high-high_RF_8c_hy1_hybrid/2026-09-29_01-44-57.log,0.633333,Simulation of the best surrogate solution results: 0.633333,,,,,171.325,Final Evaluation Time
Hybrid,17,../build/logs/final_experiments/3_relays_high-high_RF_8c_hy1_hybrid/2026-09-29_01-48-01.log,0.6,Simulation of the best surrogate solution results: 0.6,,,,,184.644,Final Evaluation Time
Hybrid,18,../build/logs/final_experiments/3_relays_high-high_RF_8c_hy1_hybrid/2026-09-29_01-51-19.log,0.497222,Simulation of the best surrogate solution results: 0.497222,,,,,160.386,Final Evaluation Time
Hybrid,19,../build/logs/final_experiments/3_relays_high-high_RF_8c_hy1_hybrid/2026-09-29_01-54-12.log,0.619444,Simulation of the best surrogate solution results: 0.619444,,,,,166.86,Final Evaluation Time
Hybrid,20,../build/logs/final_experiments/3_relays_high-high_RF_8c_hy1_hybrid/2026-09-29_01-57-11.log,0.561111,Simulation of the best surrogate solution results: 0.561111,,,,,172.654,Final Evaluation Time
Hybrid,21,../build/logs/final_experiments/3_relays_high-high_RF_8c_hy1_hybrid/2026-09-29_02-00-17.log,0.677778,Simulation of the best surrogate solution results: 0.677778,,,,,184.244,Final Evaluation Time
Hybrid,22,../build/logs/final_experiments/3_relays_high-high_RF_8c_hy1_hybrid/2026-09-29_02-03-34.log,0.586111,Simulation of the best surrogate solution results: 0.586111,,,,,170.249,Final Evaluation Time
Hybrid,23,../build/logs/final_experiments/3_relays_high-high_RF_8c_hy1_hybrid/2026-09-29_02-06-36.log,0.602778,Simulation of the best surrogate solution results: 0.602778,,,,,157.987,Final Evaluation Time
Hybrid,24,../build/logs/final_experiments/3_relays_high-high_RF_8c_hy1_hybrid/2026-09-29_02-09-26.log,0.552778,Simulation of the best surrogate solution results: 0.552778,,,,,154.842,Final Evaluation Time
Hybrid,25,../build/logs/final_experiments/3_relays_high-high_RF_8c_hy1_hybrid/2026-09-29_02-12-11.log,0.633333,Simulation of the best surrogate solution results: 0.633333,,,,,165.257,Final Evaluation Time
